MonthYear,Code,Country,Continent,WHO_region,Monthly New Deaths,Monthly Vaccinations,Population,New_Deaths_per_100K,Vaccinated_per_1M
1/1/2020,Argentina,Argentina,Latin America and the Caribbean,AMRO,0,0,45921761,0,0
1/1/2020,Australia,Australia,Oceania,WPRO,0,0,26017767,0,0
1/1/2020,Colombia,Colombia,Latin America and the Caribbean,AMRO,0,0,51832231,0,0
1/1/2020,France,France,Europe,EURO,0,0,65526369,0,0
1/1/2020,Germany,Germany,Europe,EURO,0,0,84252947,0,0
1/1/2020,India,India,Asia,SEARO,0,0,1403754381,0,0
1/1/2020,Indonesia,Indonesia,Asia,SEARO,0,0,278586508,0,0
1/1/2020,Iran,Iran,,EMRO,0,0,85874667,0,0
1/1/2020,Italy,Italy,Europe,EURO,0,0,60306185,0,0
1/1/2020,Japan,Japan,Asia,WPRO,0,0,125798669,0,0
1/1/2020,Mexico,Mexico,Latin America and the Caribbean,AMRO,0,0,131303955,0,0
1/1/2020,Netherlands,Netherlands,Europe,EURO,0,0,17201245,0,0
1/1/2020,Poland,Poland,Europe,EURO,0,0,37774045,0,0
1/1/2020,Spain,Spain,Europe,EURO,0,0,46786482,0,0
1/1/2020,Turkey,Turkey,Asia,EURO,0,0,85927644,0,0
1/1/2020,United Kingdom,United Kingdom,,EURO,0,0,68510300,0,0
1/1/2020,United States,United States,,AMRO,0,0,334400597,0,0
1/1/2020,Vietnam,Vietnam,,WPRO,0,0,98871712,0,0
2/1/2020,Argentina,Argentina,Latin America and the Caribbean,AMRO,0,0,45921761,0,0
2/1/2020,Australia,Australia,Oceania,WPRO,0,0,26017767,0,0
2/1/2020,Colombia,Colombia,Latin America and the Caribbean,AMRO,0,0,51832231,0,0
2/1/2020,France,France,Europe,EURO,2,0,65526369,0.003052206,0
2/1/2020,Germany,Germany,Europe,EURO,1,0,84252947,0.001186902,0
2/1/2020,India,India,Asia,SEARO,0,0,1403754381,0,0
2/1/2020,Indonesia,Indonesia,Asia,SEARO,0,0,278586508,0,0
2/1/2020,Iran,Iran,,EMRO,86,0,85874667,0.100145949,0
2/1/2020,Italy,Italy,Europe,EURO,21,0,60306185,0.034822299,0
2/1/2020,Japan,Japan,Asia,WPRO,5,0,125798669,0.003974605,0
2/1/2020,Mexico,Mexico,Latin America and the Caribbean,AMRO,0,0,131303955,0,0
2/1/2020,Netherlands,Netherlands,Europe,EURO,0,0,17201245,0,0
2/1/2020,Poland,Poland,Europe,EURO,0,0,37774045,0,0
2/1/2020,Spain,Spain,Europe,EURO,1,0,46786482,0.00213737,0
2/1/2020,Turkey,Turkey,Asia,EURO,0,0,85927644,0,0
2/1/2020,United Kingdom,United Kingdom,,EURO,0,0,68510300,0,0
2/1/2020,United States,United States,,AMRO,1,0,334400597,0.000299043,0
2/1/2020,Vietnam,Vietnam,,WPRO,0,0,98871712,0,0
3/1/2020,Argentina,Argentina,Latin America and the Caribbean,AMRO,91,0,45921761,0.198163132,0
3/1/2020,Australia,Australia,Oceania,WPRO,18,0,26017767,0.069183493,0
3/1/2020,Colombia,Colombia,Latin America and the Caribbean,AMRO,6,0,51832231,0.011575809,0
3/1/2020,France,France,Europe,EURO,3015,0,65526369,4.601201083,0
3/1/2020,Germany,Germany,Europe,EURO,2300,0,84252947,2.729874837,0
3/1/2020,India,India,Asia,SEARO,32,0,1403754381,0.002279601,0
3/1/2020,Indonesia,Indonesia,Asia,SEARO,136,0,278586508,0.04881787,0
3/1/2020,Iran,Iran,,EMRO,5710,0,85874667,6.649225202,0
3/1/2020,Italy,Italy,Europe,EURO,11570,0,60306185,19.18542849,0
3/1/2020,Japan,Japan,Asia,WPRO,51,0,125798669,0.040540969,0
3/1/2020,Mexico,Mexico,Latin America and the Caribbean,AMRO,52,0,131303955,0.039602767,0
3/1/2020,Netherlands,Netherlands,Europe,EURO,846,0,17201245,4.91824865,0
3/1/2020,Poland,Poland,Europe,EURO,31,0,37774045,0.082066932,0
3/1/2020,Spain,Spain,Europe,EURO,8576,0,46786482,18.3300809,0
3/1/2020,Turkey,Turkey,Asia,EURO,168,0,85927644,0.195513332,0
3/1/2020,United Kingdom,United Kingdom,,EURO,3181,0,68510300,4.643097461,0
3/1/2020,United States,United States,,AMRO,3332,0,334400597,0.996409704,0
3/1/2020,Vietnam,Vietnam,,WPRO,0,0,98871712,0,0
4/1/2020,Argentina,Argentina,Latin America and the Caribbean,AMRO,397,0,45921761,0.864513885,0
4/1/2020,Australia,Australia,Oceania,WPRO,72,0,26017767,0.276733972,0
4/1/2020,Colombia,Colombia,Latin America and the Caribbean,AMRO,259,0,51832231,0.499689083,0
4/1/2020,France,France,Europe,EURO,21037,0,65526369,32.10463256,0
4/1/2020,Germany,Germany,Europe,EURO,6048,0,84252947,7.178383921,0
4/1/2020,India,India,Asia,SEARO,1042,0,1403754381,0.07422951,0
4/1/2020,Indonesia,Indonesia,Asia,SEARO,656,0,278586508,0.235474433,0
4/1/2020,Iran,Iran,,EMRO,6118,0,85874667,7.124336214,0
4/1/2020,Italy,Italy,Europe,EURO,16091,0,60306185,26.68217199,0
4/1/2020,Japan,Japan,Asia,WPRO,359,0,125798669,0.285376628,0
4/1/2020,Mexico,Mexico,Latin America and the Caribbean,AMRO,3917,0,131303955,2.98315462,0
4/1/2020,Netherlands,Netherlands,Europe,EURO,3837,0,17201245,22.30652491,0
4/1/2020,Poland,Poland,Europe,EURO,593,0,37774045,1.569860998,0
4/1/2020,Spain,Spain,Europe,EURO,17086,0,46786482,36.51909541,0
4/1/2020,Turkey,Turkey,Asia,EURO,2913,0,85927644,3.390061527,0
4/1/2020,United Kingdom,United Kingdom,,EURO,24242,0,68510300,35.38446044,0
4/1/2020,United States,United States,,AMRO,57157,0,334400597,17.09237379,0
4/1/2020,Vietnam,Vietnam,,WPRO,0,0,98871712,0,0
5/1/2020,Argentina,Argentina,Latin America and the Caribbean,AMRO,818,0,45921761,1.781290574,0
5/1/2020,Australia,Australia,Oceania,WPRO,12,0,26017767,0.046122329,0
5/1/2020,Colombia,Colombia,Latin America and the Caribbean,AMRO,584,0,51832231,1.126712065,0
5/1/2020,France,France,Europe,EURO,4663,0,65526369,7.116219121,0
5/1/2020,Germany,Germany,Europe,EURO,766,0,84252947,0.909167011,0
5/1/2020,India,India,Asia,SEARO,4090,0,1403754381,0.291361513,0
5/1/2020,Indonesia,Indonesia,Asia,SEARO,821,0,278586508,0.294701996,0
5/1/2020,Iran,Iran,,EMRO,3554,0,85874667,4.138589556,0
5/1/2020,Italy,Italy,Europe,EURO,5658,0,60306185,9.382122248,0
5/1/2020,Japan,Japan,Asia,WPRO,476,0,125798669,0.378382382,0
5/1/2020,Mexico,Mexico,Latin America and the Caribbean,AMRO,15629,0,131303955,11.9029164,0
5/1/2020,Netherlands,Netherlands,Europe,EURO,1237,0,17201245,7.191339929,0
5/1/2020,Poland,Poland,Europe,EURO,437,0,37774045,1.156879016,0
5/1/2020,Spain,Spain,Europe,EURO,3425,0,46786482,7.320490564,0
5/1/2020,Turkey,Turkey,Asia,EURO,1434,0,85927644,1.668845942,0
5/1/2020,United Kingdom,United Kingdom,,EURO,10523,0,68510300,15.35973423,0
5/1/2020,United States,United States,,AMRO,44846,0,334400597,13.41086123,0
5/1/2020,Vietnam,Vietnam,,WPRO,0,0,98871712,0,0
6/1/2020,Argentina,Argentina,Latin America and the Caribbean,AMRO,2464,0,45921761,5.36564789,0
6/1/2020,Australia,Australia,Oceania,WPRO,2,0,26017767,0.007687055,0
6/1/2020,Colombia,Colombia,Latin America and the Caribbean,AMRO,2253,0,51832231,4.346716235,0
6/1/2020,France,France,Europe,EURO,1013,0,65526369,1.54594252,0
6/1/2020,Germany,Germany,Europe,EURO,147,0,84252947,0.174474609,0
6/1/2020,India,India,Asia,SEARO,11729,0,1403754381,0.835545033,0
6/1/2020,Indonesia,Indonesia,Asia,SEARO,1263,0,278586508,0.453360074,0
6/1/2020,Iran,Iran,,EMRO,5872,0,85874667,6.837872221,0
6/1/2020,Italy,Italy,Europe,EURO,1435,0,60306185,2.379523759,0
6/1/2020,Japan,Japan,Asia,WPRO,83,0,125798669,0.065978441,0
6/1/2020,Mexico,Mexico,Latin America and the Caribbean,AMRO,20348,0,131303955,15.49686755,0
6/1/2020,Netherlands,Netherlands,Europe,EURO,161,0,17201245,0.935978762,0
6/1/2020,Poland,Poland,Europe,EURO,383,0,37774045,1.013923714,0
6/1/2020,Spain,Spain,Europe,EURO,666,0,46786482,1.423488092,0
6/1/2020,Turkey,Turkey,Asia,EURO,600,0,85927644,0.6982619,0
6/1/2020,United Kingdom,United Kingdom,,EURO,2727,0,68510300,3.980423382,0
6/1/2020,United States,United States,,AMRO,22923,0,334400597,6.854951877,0
6/1/2020,Vietnam,Vietnam,,WPRO,0,0,98871712,0,0
7/1/2020,Argentina,Argentina,Latin America and the Caribbean,AMRO,5811,0,45921761,12.65413145,0
7/1/2020,Australia,Australia,Oceania,WPRO,85,0,26017767,0.326699828,0
7/1/2020,Colombia,Colombia,Latin America and the Caribbean,AMRO,6348,0,51832231,12.2472058,0
7/1/2020,France,France,Europe,EURO,406,0,65526369,0.61959789,0
7/1/2020,Germany,Germany,Europe,EURO,131,0,84252947,0.155484176,0
7/1/2020,India,India,Asia,SEARO,18854,0,1403754381,1.34311246,0
7/1/2020,Indonesia,Indonesia,Asia,SEARO,2255,0,278586508,0.809443363,0
7/1/2020,Iran,Iran,,EMRO,11798,0,85874667,13.73862678,0
7/1/2020,Italy,Italy,Europe,EURO,388,0,60306185,0.643383427,0
7/1/2020,Japan,Japan,Asia,WPRO,32,0,125798669,0.025437471,0
7/1/2020,Mexico,Mexico,Latin America and the Caribbean,AMRO,23789,0,131303955,18.11750453,0
7/1/2020,Netherlands,Netherlands,Europe,EURO,64,0,17201245,0.372066092,0
7/1/2020,Poland,Poland,Europe,EURO,265,0,37774045,0.701539907,0
7/1/2020,Spain,Spain,Europe,EURO,185,0,46786482,0.395413359,0
7/1/2020,Turkey,Turkey,Asia,EURO,559,0,85927644,0.650547337,0
7/1/2020,United Kingdom,United Kingdom,,EURO,693,0,68510300,1.011526734,0
7/1/2020,United States,United States,,AMRO,28727,0,334400597,8.590594711,0
7/1/2020,Vietnam,Vietnam,,WPRO,0,0,98871712,0,0
8/1/2020,Argentina,Argentina,Latin America and the Caribbean,AMRO,8312,0,45921761,18.10035116,0
8/1/2020,Australia,Australia,Oceania,WPRO,422,0,26017767,1.621968557,0
8/1/2020,Colombia,Colombia,Latin America and the Caribbean,AMRO,9610,0,51832231,18.54058723,0
8/1/2020,France,France,Europe,EURO,331,0,65526369,0.505140152,0
8/1/2020,Germany,Germany,Europe,EURO,129,0,84252947,0.153110371,0
8/1/2020,India,India,Asia,SEARO,28722,0,1403754381,2.046084442,0
8/1/2020,Indonesia,Indonesia,Asia,SEARO,2286,0,278586508,0.820570966,0
8/1/2020,Iran,Iran,,EMRO,9786,0,85874667,11.39567738,0
8/1/2020,Italy,Italy,Europe,EURO,345,0,60306185,0.572080625,0
8/1/2020,Japan,Japan,Asia,WPRO,273,0,125798669,0.217013425,0
8/1/2020,Mexico,Mexico,Latin America and the Caribbean,AMRO,19279,0,131303955,14.68272605,0
8/1/2020,Netherlands,Netherlands,Europe,EURO,75,0,17201245,0.436014951,0
8/1/2020,Poland,Poland,Europe,EURO,324,0,37774045,0.85773181,0
8/1/2020,Spain,Spain,Europe,EURO,1065,0,46786482,2.276298526,0
8/1/2020,Turkey,Turkey,Asia,EURO,652,0,85927644,0.758777932,0
8/1/2020,United Kingdom,United Kingdom,,EURO,307,0,68510300,0.448107803,0
8/1/2020,United States,United States,,AMRO,31814,0,334400597,9.513738996,0
8/1/2020,Vietnam,Vietnam,,WPRO,64,0,98871712,0.064730345,0
9/1/2020,Argentina,Argentina,Latin America and the Caribbean,AMRO,10415,0,45921761,22.67987937,0
9/1/2020,Australia,Australia,Oceania,WPRO,271,0,26017767,1.041595922,0
9/1/2020,Colombia,Colombia,Latin America and the Caribbean,AMRO,6577,0,51832231,12.68901584,0
9/1/2020,France,France,Europe,EURO,1223,0,65526369,1.866424187,0
9/1/2020,Germany,Germany,Europe,EURO,329,0,84252947,0.390490792,0
9/1/2020,India,India,Asia,SEARO,33028,0,1403754381,2.352833263,0
9/1/2020,Indonesia,Indonesia,Asia,SEARO,3323,0,278586508,1.192807227,0
9/1/2020,Iran,Iran,,EMRO,9048,0,85874667,10.5362854,0
9/1/2020,Italy,Italy,Europe,EURO,398,0,60306185,0.659965475,0
9/1/2020,Japan,Japan,Asia,WPRO,285,0,125798669,0.226552476,0
9/1/2020,Mexico,Mexico,Latin America and the Caribbean,AMRO,13175,0,131303955,10.03397042,0
9/1/2020,Netherlands,Netherlands,Europe,EURO,173,0,17201245,1.005741154,0
9/1/2020,Poland,Poland,Europe,EURO,450,0,37774045,1.191294181,0
9/1/2020,Spain,Spain,Europe,EURO,3132,0,46786482,6.694241298,0
9/1/2020,Turkey,Turkey,Asia,EURO,1804,0,85927644,2.099440781,0
9/1/2020,United Kingdom,United Kingdom,,EURO,673,0,68510300,0.982334043,0
9/1/2020,United States,United States,,AMRO,21375,0,334400597,6.392034043,0
9/1/2020,Vietnam,Vietnam,,WPRO,6,0,98871712,0.00606847,0
10/1/2020,Argentina,Argentina,Latin America and the Caribbean,AMRO,10394,0,45921761,22.63414942,0
10/1/2020,Australia,Australia,Oceania,WPRO,25,0,26017767,0.096088185,0
10/1/2020,Colombia,Colombia,Latin America and the Caribbean,AMRO,5285,0,51832231,10.19635832,0
10/1/2020,France,France,Europe,EURO,4573,0,65526369,6.978869835,0
10/1/2020,Germany,Germany,Europe,EURO,3066,0,84252947,3.639041849,0
10/1/2020,India,India,Asia,SEARO,24144,0,1403754381,1.719959013,0
10/1/2020,Indonesia,Indonesia,Asia,SEARO,3129,0,278586508,1.123169971,0
10/1/2020,Iran,Iran,,EMRO,16984,0,85874667,19.77766039,0
10/1/2020,Italy,Italy,Europe,EURO,2446,0,60306185,4.05596872,0
10/1/2020,Japan,Japan,Asia,WPRO,191,0,125798669,0.151829905,0
10/1/2020,Mexico,Mexico,Latin America and the Caribbean,AMRO,12608,0,131303955,9.602147932,0
10/1/2020,Netherlands,Netherlands,Europe,EURO,952,0,17201245,5.534483114,0
10/1/2020,Poland,Poland,Europe,EURO,2868,0,37774045,7.592514913,0
10/1/2020,Spain,Spain,Europe,EURO,5180,0,46786482,11.07157405,0
10/1/2020,Turkey,Turkey,Asia,EURO,2047,0,85927644,2.38223685,0
10/1/2020,United Kingdom,United Kingdom,,EURO,4692,0,68510300,6.848605246,0
10/1/2020,United States,United States,,AMRO,23438,0,334400597,7.008958779,0
10/1/2020,Vietnam,Vietnam,,WPRO,0,0,98871712,0,0
11/1/2020,Argentina,Argentina,Latin America and the Caribbean,AMRO,5530,0,45921761,12.04222112,0
11/1/2020,Australia,Australia,Oceania,WPRO,0,0,26017767,0,0
11/1/2020,Colombia,Colombia,Latin America and the Caribbean,AMRO,5475,0,51832231,10.56292561,0
11/1/2020,France,France,Europe,EURO,15702,0,65526369,23.96287211,0
11/1/2020,Germany,Germany,Europe,EURO,11600,0,84252947,13.7680644,0
11/1/2020,India,India,Asia,SEARO,15498,0,1403754381,1.104039297,0
11/1/2020,Indonesia,Indonesia,Asia,SEARO,3076,0,278586508,1.104145359,0
11/1/2020,Iran,Iran,,EMRO,26794,0,85874667,31.20128547,0
11/1/2020,Italy,Italy,Europe,EURO,16583,0,60306185,27.4980087,0
11/1/2020,Japan,Japan,Asia,WPRO,364,0,125798669,0.289351233,0
11/1/2020,Mexico,Mexico,Latin America and the Caribbean,AMRO,15845,0,131303955,12.06742021,0
11/1/2020,Netherlands,Netherlands,Europe,EURO,1985,0,17201245,11.53986238,0
11/1/2020,Poland,Poland,Europe,EURO,11830,0,37774045,31.31780036,0
11/1/2020,Spain,Spain,Europe,EURO,9326,0,46786482,19.93310803,0
11/1/2020,Turkey,Turkey,Asia,EURO,3381,0,85927644,3.934705809,0
11/1/2020,United Kingdom,United Kingdom,,EURO,12659,0,68510300,18.4775136,0
11/1/2020,United States,United States,,AMRO,41098,0,334400597,12.29004983,0
11/1/2020,Vietnam,Vietnam,,WPRO,0,0,98871712,0,0
12/1/2020,Argentina,Argentina,Latin America and the Caribbean,AMRO,4039,31556,45921761,8.79539441,687.1687695
12/1/2020,Australia,Australia,Oceania,WPRO,2,0,26017767,0.007687055,0
12/1/2020,Brazil,Brazil,Latin America and the Caribbean,AMRO,20120,0,215204501,9.349246836,0
12/1/2020,Colombia,Colombia,Latin America and the Caribbean,AMRO,6219,0,51832231,11.99832591,0
12/1/2020,France,France,Europe,EURO,12039,2092,65526369,18.37275616,31.92607849
12/1/2020,Germany,Germany,Europe,EURO,25788,142596,84252947,30.60783144,1692.474923
12/1/2020,India,India,Asia,SEARO,11599,0,1403754381,0.826284153,0
12/1/2020,Indonesia,Indonesia,Asia,SEARO,5193,0,278586508,1.864052943,0
12/1/2020,Iran,Iran,,EMRO,14440,0,85874667,16.81520349,0
12/1/2020,Italy,Italy,Europe,EURO,18700,13662,60306185,31.00842807,226.5439275
12/1/2020,Japan,Japan,Asia,WPRO,1295,0,125798669,1.029422656,0
12/1/2020,Mexico,Mexico,Latin America and the Caribbean,AMRO,22981,16059,131303955,17.50213845,122.3040083
12/1/2020,Netherlands,Netherlands,Europe,EURO,1968,0,17201245,11.44103232,0
12/1/2020,Poland,Poland,Europe,EURO,11460,36650,37774045,30.33829181,970.2429274
12/1/2020,Spain,Spain,Europe,EURO,5817,0,46786482,12.43307843,0
12/1/2020,Turkey,Turkey,Asia,EURO,7084,0,85927644,8.244145505,0
12/1/2020,United Kingdom,United Kingdom,,EURO,15501,0,68510300,22.62579495,0
12/1/2020,United States,United States,,AMRO,77349,4136753,334400597,23.13064052,12370.65076
12/1/2020,Vietnam,Vietnam,,WPRO,0,0,98871712,0,0
1/1/2021,Argentina,Argentina,Latin America and the Caribbean,AMRO,5445,340517,45921761,11.85712368,7415.155529
1/1/2021,Australia,Australia,Oceania,WPRO,0,0,26017767,0,0
1/1/2021,Brazil,Brazil,Latin America and the Caribbean,AMRO,29985,1628268,215204501,13.93325877,7566.142866
1/1/2021,Colombia,Colombia,Latin America and the Caribbean,AMRO,10664,0,51832231,20.57407099,0
1/1/2021,France,France,Europe,EURO,11462,1526347,65526369,17.49219463,23293.63008
1/1/2021,Germany,Germany,Europe,EURO,20069,2223663,84252947,23.81993831,26392.70292
1/1/2021,India,India,Asia,SEARO,5536,3379485,1403754381,0.394370986,2407.461765
1/1/2021,Indonesia,Indonesia,Asia,SEARO,7860,400225,278586508,2.821385736,1436.627362
1/1/2021,Iran,Iran,,EMRO,5588,0,85874667,6.507157693,0
1/1/2021,Italy,Italy,Europe,EURO,14675,1790261,60306185,24.33415412,29686.19222
1/1/2021,Japan,Japan,Asia,WPRO,2240,0,125798669,1.780622973,0
1/1/2021,Mexico,Mexico,Latin America and the Caribbean,AMRO,38525,645529,131303955,29.34031957,4916.295172
1/1/2021,Netherlands,Netherlands,Europe,EURO,2644,283922,17201245,15.37098041,16505.89826
1/1/2021,Poland,Poland,Europe,EURO,8616,1032456,37774045,22.80931258,27332.41833
1/1/2021,Spain,Spain,Europe,EURO,11048,1521408,46786482,23.61365832,32518.11068
1/1/2021,Turkey,Turkey,Asia,EURO,5223,2421536,85927644,6.078369843,28181.10549
1/1/2021,United Kingdom,United Kingdom,,EURO,33476,6442200,68510300,48.86272575,94032.57612
1/1/2021,United States,United States,,AMRO,100120,29916056,334400597,29.94013794,89461.73024
1/1/2021,Vietnam,Vietnam,,WPRO,0,0,98871712,0,0
2/1/2021,Argentina,Argentina,Latin America and the Caribbean,AMRO,3511,778591,45921761,7.645612719,16954.72872
2/1/2021,Australia,Australia,Oceania,WPRO,0,33876,26017767,0,1302.033337
2/1/2021,Brazil,Brazil,Latin America and the Caribbean,AMRO,30169,6453988,215204501,14.01875884,29990.0233
2/1/2021,Colombia,Colombia,Latin America and the Caribbean,AMRO,6234,106949,51832231,12.02726543,2063.36864
2/1/2021,France,France,Europe,EURO,10380,2912930,65526369,15.84095099,44454.31731
2/1/2021,Germany,Germany,Europe,EURO,6735,3582328,84252947,7.993785665,42518.72638
2/1/2021,India,India,Asia,SEARO,2777,10103631,1403754381,0.197826631,7197.577537
2/1/2021,Indonesia,Indonesia,Asia,SEARO,6168,1971942,278586508,2.214033998,7078.382992
2/1/2021,Iran,Iran,,EMRO,4182,92920,85874667,4.86988788,1082.042042
2/1/2021,Italy,Italy,Europe,EURO,9228,2295296,60306185,15.30191306,38060.70638
2/1/2021,Japan,Japan,Asia,WPRO,2206,27678,125798669,1.75359566,220.0182261
2/1/2021,Mexico,Mexico,Latin America and the Caribbean,AMRO,24761,1430932,131303955,18.85777165,10897.85909
2/1/2021,Netherlands,Netherlands,Europe,EURO,1597,983847,17201245,9.284211695,57196.2669
2/1/2021,Poland,Poland,Europe,EURO,6581,2057431,37774045,17.42201557,54466.79062
2/1/2021,Spain,Spain,Europe,EURO,9494,2078004,46786482,20.29218611,44414.62387
2/1/2021,Turkey,Turkey,Asia,EURO,2638,6182720,85927644,3.070024822,71952.63029
2/1/2021,United Kingdom,United Kingdom,,EURO,15452,11399941,68510300,22.55427286,166397.476
2/1/2021,United States,United States,,AMRO,67844,47548024,334400597,20.28824129,142188.8131
2/1/2021,Vietnam,Vietnam,,WPRO,0,0,98871712,0,0
3/1/2021,Argentina,Argentina,Latin America and the Caribbean,AMRO,4941,2766834,45921761,10.7596048,60251.04307
3/1/2021,Australia,Australia,Oceania,WPRO,0,556918,26017767,0,21405.29585
3/1/2021,Brazil,Brazil,Latin America and the Caribbean,AMRO,61031,12627415,215204501,28.35953696,58676.35176
3/1/2021,Colombia,Colombia,Latin America and the Caribbean,AMRO,3561,1773209,51832231,6.870242572,34210.54749
3/1/2021,France,France,Europe,EURO,8885,6463023,65526369,13.55942674,98632.39942
3/1/2021,Germany,Germany,Europe,EURO,5539,7438283,84252947,6.57425075,88285.13737
3/1/2021,India,India,Asia,SEARO,5417,47519159,1403754381,0.38589372,33851.4769
3/1/2021,Indonesia,Indonesia,Asia,SEARO,4692,8252322,278586508,1.684216524,29622.11652
3/1/2021,Iran,Iran,,EMRO,5178,560550,85874667,6.029717705,6527.536229
3/1/2021,Italy,Italy,Europe,EURO,11372,5647054,60306185,18.85710396,93639.7154
3/1/2021,Japan,Japan,Asia,WPRO,1253,857027,125798669,0.996035976,6812.687343
3/1/2021,Mexico,Mexico,Latin America and the Caribbean,AMRO,13617,4849879,131303955,10.37059394,36936.27507
3/1/2021,Netherlands,Netherlands,Europe,EURO,963,1265055,17201245,5.598431974,73544.38589
3/1/2021,Poland,Poland,Europe,EURO,9220,2813739,37774045,24.40829411,74488.68661
3/1/2021,Spain,Spain,Europe,EURO,3205,3876126,46786482,6.850269272,82847.1352
3/1/2021,Turkey,Turkey,Asia,EURO,2882,7024301,85927644,3.353984662,81746.69609
3/1/2021,United Kingdom,United Kingdom,,EURO,3324,14168071,68510300,4.8518252,206802.0575
3/1/2021,United States,United States,,AMRO,33233,80727681,334400597,9.938080344,241410.0983
3/1/2021,Vietnam,Vietnam,,WPRO,0,94248,98871712,0,953.2352388
4/1/2021,Argentina,Argentina,Latin America and the Caribbean,AMRO,12832,4010328,45921761,27.94317927,87329.5778
4/1/2021,Australia,Australia,Oceania,WPRO,1,1478905,26017767,0.003843527,56842.1187
4/1/2021,Brazil,Brazil,Latin America and the Caribbean,AMRO,84319,23577015,215204501,39.18087197,109556.3285
4/1/2021,Colombia,Colombia,Latin America and the Caribbean,AMRO,9646,2798908,51832231,18.61004208,53999.37348
4/1/2021,France,France,Europe,EURO,8780,10130340,65526369,13.39918591,154599.4407
4/1/2021,Germany,Germany,Europe,EURO,6754,13988365,84252947,8.016336805,166028.1984
4/1/2021,India,India,Asia,SEARO,45862,84035890,1403754381,3.26709577,59865.09545
4/1/2021,Indonesia,Indonesia,Asia,SEARO,4663,8614157,278586508,1.673806831,30920.94108
4/1/2021,Iran,Iran,,EMRO,17564,1161936,85874667,20.4530633,13530.60269
4/1/2021,Italy,Italy,Europe,EURO,11665,9204901,60306185,19.34295794,152636.1019
4/1/2021,Japan,Japan,Asia,WPRO,1081,2760231,125798669,0.859309569,21941.65504
4/1/2021,Mexico,Mexico,Latin America and the Caribbean,AMRO,7869,10170784,131303955,5.992964949,77459.84498
4/1/2021,Netherlands,Netherlands,Europe,EURO,617,2774047,17201245,3.586949666,161270.129
4/1/2021,Poland,Poland,Europe,EURO,14448,4956900,37774045,38.24848517,131225.025
4/1/2021,Spain,Spain,Europe,EURO,2348,8078675,46786482,5.018543604,172671.1361
4/1/2021,Turkey,Turkey,Asia,EURO,8352,6933243,85927644,9.719805654,80686.99056
4/1/2021,United Kingdom,United Kingdom,,EURO,709,13624879,68510300,1.034880887,198873.4395
4/1/2021,United States,United States,,AMRO,20754,91399934,334400597,6.206328633,273324.6735
4/1/2021,Vietnam,Vietnam,,WPRO,0,605262,98871712,0,6121.690297
5/1/2021,Argentina,Argentina,Latin America and the Caribbean,AMRO,16997,4445401,45921761,37.0129534,96803.80071
5/1/2021,Australia,Australia,Oceania,WPRO,0,2044108,26017767,0,78565.85079
5/1/2021,Brazil,Brazil,Latin America and the Caribbean,AMRO,62872,22744373,215204501,29.21500234,105687.2551
5/1/2021,Colombia,Colombia,Latin America and the Caribbean,AMRO,15022,4713946,51832231,28.98196684,90946.22996
5/1/2021,France,France,Europe,EURO,5047,14968233,65526369,7.702242741,228430.6796
5/1/2021,Germany,Germany,Europe,EURO,2794,21843094,84252947,3.316204477,259256.1421
5/1/2021,India,India,Asia,SEARO,120770,58936437,1403754381,8.603356943,41984.86416
5/1/2021,Indonesia,Indonesia,Asia,SEARO,5057,7152504,278586508,1.815235072,25674.2656
5/1/2021,Iran,Iran,,EMRO,17176,5232862,85874667,20.00124204,60936.03833
5/1/2021,Italy,Italy,Europe,EURO,5502,14985819,60306185,9.123442314,248495.5565
5/1/2021,Japan,Japan,Asia,WPRO,2773,10953516,125798669,2.20431585,87071.79565
5/1/2021,Mexico,Mexico,Latin America and the Caribbean,AMRO,4161,11890418,131303955,3.168982991,90556.4345
5/1/2021,Netherlands,Netherlands,Europe,EURO,502,4154060,17201245,2.918393407,241497.6358
5/1/2021,Poland,Poland,Europe,EURO,6260,8516819,37774045,16.57222572,225467.487
5/1/2021,Spain,Spain,Europe,EURO,1491,10804081,46786482,3.186817936,230923.1329
5/1/2021,Turkey,Turkey,Asia,EURO,7668,6912787,85927644,8.923787088,80448.9298
5/1/2021,United Kingdom,United Kingdom,,EURO,294,16137738,68510300,0.429132554,235551.9973
5/1/2021,United States,United States,,AMRO,17438,56814458,334400597,5.214703609,169899.3917
5/1/2021,Vietnam,Vietnam,,WPRO,24,1430134,98871712,0.024273879,14464.54169
6/1/2021,Argentina,Argentina,Latin America and the Caribbean,AMRO,12821,8463779,45921761,27.91922548,184308.6767
6/1/2021,Australia,Australia,Oceania,WPRO,0,3325597,26017767,0,127820.2315
6/1/2021,Brazil,Brazil,Latin America and the Caribbean,AMRO,53035,30533559,215204501,24.64400129,141881.6003
6/1/2021,Colombia,Colombia,Latin America and the Caribbean,AMRO,17579,7938298,51832231,33.91519072,153153.7008
6/1/2021,France,France,Europe,EURO,1550,17385155,65526369,2.365459927,265315.403
6/1/2021,Germany,Germany,Europe,EURO,294,24290218,84252947,0.348949218,288301.1083
6/1/2021,India,India,Asia,SEARO,69354,113298089,1403754381,4.940607911,80710.76431
6/1/2021,Indonesia,Indonesia,Asia,SEARO,7913,13698507,278586508,2.840410348,49171.46598
6/1/2021,Iran,Iran,,EMRO,8376,4014742,85874667,9.753749613,46751.17983
6/1/2021,Italy,Italy,Europe,EURO,1496,16575835,60306185,2.480674246,274861.2767
6/1/2021,Japan,Japan,Asia,WPRO,1773,32256132,125798669,1.40939488,256410.7574
6/1/2021,Mexico,Mexico,Latin America and the Caribbean,AMRO,3090,15173302,131303955,2.353318299,115558.606
6/1/2021,Netherlands,Netherlands,Europe,EURO,123,6036908,17201245,0.71506452,350957.6196
6/1/2021,Poland,Poland,Europe,EURO,1276,9066817,37774045,3.377980833,240027.6963
6/1/2021,Spain,Spain,Europe,EURO,645,13892796,46786482,1.378603332,296940.3855
6/1/2021,Turkey,Turkey,Asia,EURO,2282,19298109,85927644,2.655722761,224585.5711
6/1/2021,United Kingdom,United Kingdom,,EURO,384,13171897,68510300,0.560499662,192261.5578
6/1/2021,United States,United States,,AMRO,9453,25654528,334400597,2.82684902,76717.94916
6/1/2021,Vietnam,Vietnam,,WPRO,74,4605076,98871712,0.074844461,46576.27452
7/1/2021,Argentina,Argentina,Latin America and the Caribbean,AMRO,7212,11133853,45921761,15.70497264,242452.6577
7/1/2021,Australia,Australia,Oceania,WPRO,13,4357441,26017767,0.049965856,167479.4382
7/1/2021,Brazil,Brazil,Latin America and the Caribbean,AMRO,40405,40362964,215204501,18.77516493,187556.3188
7/1/2021,Colombia,Colombia,Latin America and the Caribbean,AMRO,14800,9006818,51832231,28.55366191,173768.673
7/1/2021,France,France,Europe,EURO,649,19224251,65526369,0.990440963,293381.9055
7/1/2021,Germany,Germany,Europe,EURO,164,18209727,84252947,0.194651945,216131.6328
7/1/2021,India,India,Asia,SEARO,25356,134400232,1403754381,1.806298904,95743.41054
7/1/2021,Indonesia,Indonesia,Asia,SEARO,35628,24905732,278586508,12.78884618,89400.35244
7/1/2021,Iran,Iran,,EMRO,12434,10563532,85874667,14.47924101,123011.0389
7/1/2021,Italy,Italy,Europe,EURO,505,16844925,60306185,0.837393378,279323.3397
7/1/2021,Japan,Japan,Asia,WPRO,444,38578862,125798669,0.352944911,306671.4641
7/1/2021,Mexico,Mexico,Latin America and the Caribbean,AMRO,7927,19175029,131303955,6.037137267,146035.426
7/1/2021,Netherlands,Netherlands,Europe,EURO,76,4922328,17201245,0.441828484,286161.1471
7/1/2021,Poland,Poland,Europe,EURO,236,5642455,37774045,0.624767615,149373.8624
7/1/2021,Spain,Spain,Europe,EURO,1009,15375205,46786482,2.156605833,328624.9434
7/1/2021,Turkey,Turkey,Asia,EURO,1566,22335027,85927644,1.82246356,259928.3067
7/1/2021,United Kingdom,United Kingdom,,EURO,1594,7487935,68510300,2.326657452,109296.4853
7/1/2021,United States,United States,,AMRO,9037,16054594,334400597,2.702447328,48010.06381
7/1/2021,Vietnam,Vietnam,,WPRO,2154,3942448,98871712,2.178580664,39874.37782
8/1/2021,Argentina,Argentina,Latin America and the Caribbean,AMRO,3505,10997504,45921761,7.632547018,239483.4989
8/1/2021,Australia,Australia,Oceania,WPRO,79,7076785,26017767,0.303638664,271998.1696
8/1/2021,Brazil,Brazil,Latin America and the Caribbean,AMRO,24811,51286816,215204501,11.52903396,238316.6512
8/1/2021,Colombia,Colombia,Latin America and the Caribbean,AMRO,4685,8653058,51832231,9.038777436,166943.5761
8/1/2021,France,France,Europe,EURO,1858,14409030,65526369,2.835499705,219896.6648
8/1/2021,Germany,Germany,Europe,EURO,873,10085226,84252947,1.036165536,119701.7595
8/1/2021,India,India,Asia,SEARO,14750,171716830,1403754381,1.050753622,122326.8346
8/1/2021,Indonesia,Indonesia,Asia,SEARO,38904,30538547,278586508,13.96478253,109619.6195
8/1/2021,Iran,Iran,,EMRO,33614,29604740,85874667,39.14309211,344743.5785
8/1/2021,Italy,Italy,Europe,EURO,1099,9892226,60306185,1.822366976,164033.3574
8/1/2021,Japan,Japan,Asia,WPRO,810,41279074,125798669,0.643885986,328136.0155
8/1/2021,Mexico,Mexico,Latin America and the Caribbean,AMRO,22147,20355421,131303955,16.86697099,155025.1933
8/1/2021,Netherlands,Netherlands,Europe,EURO,178,2458470,17201245,1.034808818,142923.957
8/1/2021,Poland,Poland,Europe,EURO,84,2058398,37774045,0.222374914,54492.39021
8/1/2021,Spain,Spain,Europe,EURO,3114,9790718,46786482,6.655768647,209263.8211
8/1/2021,Turkey,Turkey,Asia,EURO,5205,22258470,85927644,6.057421986,259037.3594
8/1/2021,United Kingdom,United Kingdom,,EURO,3130,6108628,68510300,4.5686561,89163.64401
8/1/2021,United States,United States,,AMRO,31536,23728048,334400597,9.430605173,70956.95466
8/1/2021,Vietnam,Vietnam,,WPRO,19806,28135662,98871712,20.03201887,284567.3594
9/1/2021,Argentina,Argentina,Latin America and the Caribbean,AMRO,964,9274843,45921761,2.099222632,201970.5429
9/1/2021,Australia,Australia,Oceania,WPRO,276,8272203,26017767,1.060813559,317944.3878
9/1/2021,Brazil,Brazil,Latin America and the Caribbean,AMRO,15653,43858922,215204501,7.273546755,203801.137
9/1/2021,Colombia,Colombia,Latin America and the Caribbean,AMRO,1408,5121367,51832231,2.716456484,98806.60935
9/1/2021,France,France,Europe,EURO,1816,7291727,65526369,2.771403372,111279.2775
9/1/2021,Germany,Germany,Europe,EURO,1766,5841917,84252947,2.096069114,69337.83574
9/1/2021,India,India,Asia,SEARO,9502,243332341,1403754381,0.676899045,173343.9584
9/1/2021,Indonesia,Indonesia,Asia,SEARO,8916,41317401,278586508,3.200442141,148310.8471
9/1/2021,Iran,Iran,,EMRO,26018,52217354,85874667,30.29764296,608064.7043
9/1/2021,Italy,Italy,Europe,EURO,1724,7153937,60306185,2.85874492,118626.9203
9/1/2021,Japan,Japan,Asia,WPRO,1611,34404554,125798669,1.280617683,273489.0144
9/1/2021,Mexico,Mexico,Latin America and the Caribbean,AMRO,17182,15909914,131303955,13.08566829,121168.5817
9/1/2021,Netherlands,Netherlands,Europe,EURO,170,671745,17201245,0.988300556,39052.11512
9/1/2021,Poland,Poland,Europe,EURO,302,1031028,37774045,0.799490761,27294.6146
9/1/2021,Spain,Spain,Europe,EURO,1598,4598937,46786482,3.415516473,98296.27712
9/1/2021,Turkey,Turkey,Asia,EURO,7380,15727413,85927644,8.588621375,183030.8882
9/1/2021,United Kingdom,United Kingdom,,EURO,4049,3113584,68510300,5.910060239,45446.94739
9/1/2021,United States,United States,,AMRO,54651,21890777,334400597,16.34297322,65462.73301
9/1/2021,Vietnam,Vietnam,,WPRO,16068,41614170,98871712,16.25136217,420890.5577
10/1/2021,Argentina,Argentina,Latin America and the Caribbean,AMRO,324,8577483,45921761,0.705547856,186784.7141
10/1/2021,Australia,Australia,Oceania,WPRO,444,7985714,26017767,1.70652616,306933.1046
10/1/2021,Brazil,Brazil,Latin America and the Caribbean,AMRO,12016,42060265,215204501,5.583526341,195443.2403
10/1/2021,Colombia,Colombia,Latin America and the Caribbean,AMRO,1006,6789592,51832231,1.940877289,130991.699
10/1/2021,France,France,Europe,EURO,839,4379568,65526369,1.280400567,66836.72645
10/1/2021,Germany,Germany,Europe,EURO,3469,4258440,84252947,4.117363396,50543.51393
10/1/2021,India,India,Asia,SEARO,10124,177588227,1403754381,0.721208791,126509.473
10/1/2021,Indonesia,Indonesia,Asia,SEARO,1466,50910520,278586508,0.526227925,182745.8206
10/1/2021,Iran,Iran,,EMRO,11932,65272086,85874667,13.89466814,760085.4627
10/1/2021,Italy,Italy,Europe,EURO,1204,5204532,60306185,1.996478471,86301.79475
10/1/2021,Japan,Japan,Asia,WPRO,656,26524556,125798669,0.521468156,210849.2579
10/1/2021,Mexico,Mexico,Latin America and the Caribbean,AMRO,8544,20419186,131303955,6.507039335,155510.8222
10/1/2021,Netherlands,Netherlands,Europe,EURO,229,488614,17201245,1.331298984,28405.73458
10/1/2021,Poland,Poland,Europe,EURO,1349,1739898,37774045,3.571235222,46060.67473
10/1/2021,Spain,Spain,Europe,EURO,596,1847068,46786482,1.273872227,39478.66822
10/1/2021,Turkey,Turkey,Asia,EURO,6572,7591721,85927644,7.64829535,88350.15888
10/1/2021,United Kingdom,United Kingdom,,EURO,4115,9125877,68510300,6.006396119,133204.4525
10/1/2021,United States,United States,,AMRO,48543,28658961,334400597,14.51642145,85702.48157
10/1/2021,Vietnam,Vietnam,,WPRO,5864,76958978,98871712,5.930917834,778372.0585
11/1/2021,Argentina,Argentina,Latin America and the Caribbean,AMRO,379,8256342,45921761,0.825316782,179791.4936
11/1/2021,Australia,Australia,Oceania,WPRO,275,3931646,26017767,1.056970031,151113.8908
11/1/2021,Brazil,Brazil,Latin America and the Caribbean,AMRO,6816,30471887,215204501,3.167220002,141595.0264
11/1/2021,Colombia,Colombia,Latin America and the Caribbean,AMRO,1212,9588126,51832231,2.338313394,184983.8569
11/1/2021,France,France,Europe,EURO,1313,5776303,65526369,2.003773473,88152.34368
11/1/2021,Germany,Germany,Europe,EURO,10182,10278872,84252947,12.08503722,122000.148
11/1/2021,India,India,Asia,SEARO,10794,171062063,1403754381,0.768937939,121860.3947
11/1/2021,Indonesia,Indonesia,Asia,SEARO,425,43714024,278586508,0.152555845,156913.6435
11/1/2021,Iran,Iran,,EMRO,7170,40289964,85874667,8.349377355,469171.7058
11/1/2021,Italy,Italy,Europe,EURO,1665,6060688,60306185,2.760910842,100498.6139
11/1/2021,Japan,Japan,Asia,WPRO,98,9191310,125798669,0.077902255,73063.65062
11/1/2021,Mexico,Mexico,Latin America and the Caribbean,AMRO,4320,12007815,131303955,3.290076068,91450.52028
11/1/2021,Netherlands,Netherlands,Europe,EURO,950,689929,17201245,5.522856049,40109.24791
11/1/2021,Poland,Poland,Europe,EURO,6577,2533603,37774045,17.41142628,67072.58913
11/1/2021,Spain,Spain,Europe,EURO,613,4348206,46786482,1.310207508,92937.22918
11/1/2021,Turkey,Turkey,Asia,EURO,6225,4104110,85927644,7.244467217,47762.39414
11/1/2021,United Kingdom,United Kingdom,,EURO,4341,11927826,68510300,6.336273524,174102.6678
11/1/2021,United States,United States,,AMRO,31281,41026122,334400597,9.354349329,122685.5525
11/1/2021,Vietnam,Vietnam,,WPRO,6050,80825662,98871712,6.119040399,817480.1504
12/1/2021,Argentina,Argentina,Latin America and the Caribbean,AMRO,974,8061883,45921761,2.120998801,175556.9217
12/1/2021,Australia,Australia,Oceania,WPRO,229,3285906,26017767,0.880167772,126294.697
12/1/2021,Brazil,Brazil,Latin America and the Caribbean,AMRO,4539,22950246,215204501,2.10915663,106643.894
12/1/2021,Colombia,Colombia,Latin America and the Caribbean,AMRO,1429,7750301,51832231,2.756971815,149526.6719
12/1/2021,France,France,Europe,EURO,4417,17379238,65526369,6.740797739,265225.1035
12/1/2021,Germany,Germany,Europe,EURO,8891,26776424,84252947,10.5527466,317809.9396
12/1/2021,India,India,Asia,SEARO,12100,213102599,1403754381,0.861974158,151809.0357
12/1/2021,Indonesia,Indonesia,Asia,SEARO,264,38568889,278586508,0.094764101,138444.9278
12/1/2021,Iran,Iran,,EMRO,3722,24970214,85874667,4.334223503,290775.0897
12/1/2021,Italy,Italy,Europe,EURO,3508,14170668,60306185,5.816982122,234978.6842
12/1/2021,Japan,Japan,Asia,WPRO,34,2755473,125798669,0.027027313,21903.8327
12/1/2021,Mexico,Mexico,Latin America and the Caribbean,AMRO,3788,16661056,131303955,2.884909293,126889.2167
12/1/2021,Netherlands,Netherlands,Europe,EURO,1539,3940266,17201245,8.9470268,229068.6517
12/1/2021,Poland,Poland,Europe,EURO,13467,5105973,37774045,35.65146386,135171.465
12/1/2021,Spain,Spain,Europe,EURO,1935,7454655,46786482,4.135809997,159333.5229
12/1/2021,Turkey,Turkey,Asia,EURO,5563,9896888,85927644,6.474051587,115176.9971
12/1/2021,United Kingdom,United Kingdom,,EURO,3724,17496813,68510300,5.435679015,255389.5254
12/1/2021,United States,United States,,AMRO,43004,45657974,334400597,12.86002489,136536.7598
12/1/2021,Vietnam,Vietnam,,WPRO,14226,58854748,98871712,14.38834194,595263.7697
1/1/2022,Argentina,Argentina,Latin America and the Caribbean,AMRO,7656,10735912,45921761,16.67183451,233787.0275
1/1/2022,Australia,Australia,Oceania,WPRO,1490,6914955,26017767,5.726855806,265778.1892
1/1/2022,Brazil,Brazil,Latin America and the Caribbean,AMRO,7707,29675977,215204501,3.581244799,137896.6372
1/1/2022,Colombia,Colombia,Latin America and the Caribbean,AMRO,3966,7086439,51832231,7.651609671,136718.7725
1/1/2022,France,France,Europe,EURO,6811,13439672,65526369,10.39428875,205103.2616
1/1/2022,Germany,Germany,Europe,EURO,3653,15736014,84252947,4.335753383,186771.0811
1/1/2022,India,India,Asia,SEARO,13970,218214711,1403754381,0.995188346,155450.7783
1/1/2022,Indonesia,Indonesia,Asia,SEARO,226,41539088,278586508,0.081123814,149106.6035
1/1/2022,Iran,Iran,,EMRO,1704,27536416,85874667,1.984287171,320658.1983
1/1/2022,Italy,Italy,Europe,EURO,8902,17194828,60306185,14.76133833,285125.4477
1/1/2022,Japan,Japan,Asia,WPRO,371,5206751,125798669,0.29491568,41389.55556
1/1/2022,Mexico,Mexico,Latin America and the Caribbean,AMRO,8857,15581187,131303955,6.745417531,118665.0242
1/1/2022,Netherlands,Netherlands,Europe,EURO,374,4698072,17201245,2.174261224,273123.9512
1/1/2022,Poland,Poland,Europe,EURO,8140,4792406,37774045,21.54918807,126870.3418
1/1/2022,Spain,Spain,Europe,EURO,5519,6219429,46786482,11.79614231,132932.179
1/1/2022,Turkey,Turkey,Asia,EURO,5036,11597369,85927644,5.860744884,134966.682
1/1/2022,United Kingdom,United Kingdom,,EURO,7890,5620412,68510300,11.51651649,82037.47466
1/1/2022,United States,United States,,AMRO,64813,29920799,334400597,19.38184339,89475.91382
1/1/2022,Vietnam,Vietnam,,WPRO,11000,63800912,98871712,11.125528,645289.8479
2/1/2022,Argentina,Argentina,Latin America and the Caribbean,AMRO,2206,5874715,45921761,4.803822745,127928.783
2/1/2022,Australia,Australia,Oceania,WPRO,1443,4561982,26017767,5.546210019,175341.0275
2/1/2022,Brazil,Brazil,Latin America and the Caribbean,AMRO,22389,30810385,215204501,10.40359281,143167.9396
2/1/2022,Colombia,Colombia,Latin America and the Caribbean,AMRO,4766,5631124,51832231,9.195050856,108641.3587
2/1/2022,France,France,Europe,EURO,7283,4540434,65526369,11.11460945,69291.70759
2/1/2022,Germany,Germany,Europe,EURO,6168,5188853,84252947,7.320812173,61586.60539
2/1/2022,India,India,Asia,SEARO,18793,121784482,1403754381,1.338766971,86756.26139
2/1/2022,Indonesia,Indonesia,Asia,SEARO,4015,31994297,278586508,1.441204037,114845.1059
2/1/2022,Iran,Iran,,EMRO,8414,20148484,85874667,9.798000148,234626.6333
2/1/2022,Italy,Italy,Europe,EURO,8411,6804194,60306185,13.94715981,112827.4654
2/1/2022,Japan,Japan,Asia,WPRO,4506,19944316,125798669,3.581913891,158541.5502
2/1/2022,Mexico,Mexico,Latin America and the Caribbean,AMRO,10420,16191171,131303955,7.935785331,123310.6116
2/1/2022,Netherlands,Netherlands,Europe,EURO,286,530268,17201245,1.662670347,30827.30349
2/1/2022,Poland,Poland,Europe,EURO,6120,1908816,37774045,16.20160086,50532.47541
2/1/2022,Spain,Spain,Europe,EURO,4740,2678588,46786482,10.13113147,57251.32315
2/1/2022,Turkey,Turkey,Asia,EURO,6998,3857047,85927644,8.144061299,44887.14947
2/1/2022,United Kingdom,United Kingdom,,EURO,5162,1876381,68510300,7.534633478,27388.30512
2/1/2022,United States,United States,,AMRO,63541,11678625,334400597,19.00146129,34924.05547
2/1/2022,Vietnam,Vietnam,,WPRO,4952,25771314,98871712,5.008510422,260654.0686
3/1/2022,Argentina,Argentina,Latin America and the Caribbean,AMRO,283,2647149,45921761,0.616265565,57644.76236
3/1/2022,Australia,Australia,Oceania,WPRO,803,2245855,26017767,3.086352491,86320.05199
3/1/2022,Brazil,Brazil,Latin America and the Caribbean,AMRO,10328,20855831,215204501,4.799156129,96911.68588
3/1/2022,Colombia,Colombia,Latin America and the Caribbean,AMRO,997,3367718,51832231,1.923513576,64973.43323
3/1/2022,France,France,Europe,EURO,3895,955870,65526369,5.94417188,14587.56245
3/1/2022,Germany,Germany,Europe,EURO,7300,2019973,84252947,8.664385354,23975.10202
3/1/2022,India,India,Asia,SEARO,7286,60611311,1403754381,0.51903667,43178.00309
3/1/2022,Indonesia,Indonesia,Asia,SEARO,6754,29635420,278586508,2.424381586,106377.8006
3/1/2022,Iran,Iran,,EMRO,7054,11048230,85874667,8.214296773,128655.2878
3/1/2022,Italy,Italy,Europe,EURO,4664,1916664,60306185,7.733866767,31782.21272
3/1/2022,Japan,Japan,Asia,WPRO,4740,27000223,125798669,3.767925398,214630.4346
3/1/2022,Mexico,Mexico,Latin America and the Caribbean,AMRO,1832,9697954,131303955,1.395235962,73858.81103
3/1/2022,Netherlands,Netherlands,Europe,EURO,410,109969,17201245,2.3835484,6393.083756
3/1/2022,Poland,Poland,Europe,EURO,3854,610678,37774045,10.20277283,16166.60329
3/1/2022,Spain,Spain,Europe,EURO,1751,1204960,46786482,3.742534008,25754.44762
3/1/2022,Turkey,Turkey,Asia,EURO,3745,1343587,85927644,4.358318029,15636.2602
3/1/2022,United Kingdom,United Kingdom,,EURO,5476,1122972,68510300,7.992958723,16391.28715
3/1/2022,United States,United States,,AMRO,29814,5122863,334400597,8.915653939,15319.53904
3/1/2022,Vietnam,Vietnam,,WPRO,4620,16993492,98871712,4.672721759,171874.1555
4/1/2022,Argentina,Argentina,Latin America and the Caribbean,AMRO,221,0,45921761,0.481253321,0
4/1/2022,Australia,Australia,Oceania,WPRO,1227,0,26017767,4.716008103,0
4/1/2022,Brazil,Brazil,Latin America and the Caribbean,AMRO,3984,0,215204501,1.851262395,0
4/1/2022,Colombia,Colombia,Latin America and the Caribbean,AMRO,194,0,51832231,0.374284487,0
4/1/2022,France,France,Europe,EURO,3676,0,65526369,5.609955284,0
4/1/2022,Germany,Germany,Europe,EURO,3833,0,84252947,4.549395762,0
4/1/2022,India,India,Asia,SEARO,2674,0,1403754381,0.190489165,0
4/1/2022,Indonesia,Indonesia,Asia,SEARO,1168,0,278586508,0.419259356,0
4/1/2022,Iran,Iran,,EMRO,1828,0,85874667,2.128683655,0
4/1/2022,Italy,Italy,Europe,EURO,4153,0,60306185,6.88652416,0
4/1/2022,Japan,Japan,Asia,WPRO,1538,0,125798669,1.222588452,0
4/1/2022,Mexico,Mexico,Latin America and the Caribbean,AMRO,335,0,131303955,0.255133214,0
4/1/2022,Netherlands,Netherlands,Europe,EURO,287,0,17201245,1.66848388,0
4/1/2022,Poland,Poland,Europe,EURO,886,0,37774045,2.345525876,0
4/1/2022,Spain,Spain,Europe,EURO,1427,0,46786482,3.050026288,0
4/1/2022,Turkey,Turkey,Asia,EURO,783,0,85927644,0.91123178,0
4/1/2022,United Kingdom,United Kingdom,,EURO,7342,0,68510300,10.71663677,0
4/1/2022,United States,United States,,AMRO,13122,0,334400597,3.924036057,0
4/1/2022,Vietnam,Vietnam,,WPRO,1168,0,98871712,1.181328791,0
5/1/2022,Argentina,Argentina,Latin America and the Caribbean,AMRO,347,0,45921761,0.755633043,0
5/1/2022,Australia,Australia,Oceania,WPRO,1280,0,26017767,4.919715055,0
5/1/2022,Brazil,Brazil,Latin America and the Caribbean,AMRO,3228,0,215204501,1.499968628,0
5/1/2022,Colombia,Colombia,Latin America and the Caribbean,AMRO,65,0,51832231,0.125404596,0
5/1/2022,France,France,Europe,EURO,2323,0,65526369,3.545137683,0
5/1/2022,Germany,Germany,Europe,EURO,1155,0,84252947,1.370871929,0
5/1/2022,India,India,Asia,SEARO,827,0,1403754381,0.05891344,0
5/1/2022,Indonesia,Indonesia,Asia,SEARO,334,0,278586508,0.119890946,0
5/1/2022,Iran,Iran,,EMRO,476,0,85874667,0.554296181,0
5/1/2022,Italy,Italy,Europe,EURO,3254,0,60306185,5.395798126,0
5/1/2022,Japan,Japan,Asia,WPRO,1034,0,125798669,0.821948283,0
5/1/2022,Mexico,Mexico,Latin America and the Caribbean,AMRO,153,0,131303955,0.116523527,0
5/1/2022,Netherlands,Netherlands,Europe,EURO,76,0,17201245,0.441828484,0
5/1/2022,Poland,Poland,Europe,EURO,262,0,37774045,0.693597945,0
5/1/2022,Spain,Spain,Europe,EURO,1832,0,46786482,3.915660938,0
5/1/2022,Turkey,Turkey,Asia,EURO,201,0,85927644,0.233917737,0
5/1/2022,United Kingdom,United Kingdom,,EURO,3150,0,68510300,4.597848791,0
5/1/2022,United States,United States,,AMRO,9670,0,334400597,2.891741249,0
5/1/2022,Vietnam,Vietnam,,WPRO,80,0,98871712,0.080912931,0
6/1/2022,Argentina,Argentina,Latin America and the Caribbean,AMRO,105,0,45921761,0.228649768,0
6/1/2022,Australia,Australia,Oceania,WPRO,748,0,26017767,2.874958485,0
6/1/2022,Brazil,Brazil,Latin America and the Caribbean,AMRO,2240,0,215204501,1.040870423,0
6/1/2022,Colombia,Colombia,Latin America and the Caribbean,AMRO,40,0,51832231,0.077172059,0
6/1/2022,France,France,Europe,EURO,712,0,65526369,1.086585463,0
6/1/2022,Germany,Germany,Europe,EURO,174,0,84252947,0.206520966,0
6/1/2022,India,India,Asia,SEARO,187,0,1403754381,0.013321419,0
6/1/2022,Indonesia,Indonesia,Asia,SEARO,88,0,278586508,0.031588034,0
6/1/2022,Iran,Iran,,EMRO,94,0,85874667,0.109461851,0
6/1/2022,Italy,Italy,Europe,EURO,986,0,60306185,1.634989844,0
6/1/2022,Japan,Japan,Asia,WPRO,398,0,125798669,0.316378546,0
6/1/2022,Mexico,Mexico,Latin America and the Caribbean,AMRO,120,0,131303955,0.091391002,0
6/1/2022,Netherlands,Netherlands,Europe,EURO,23,0,17201245,0.133711252,0
6/1/2022,Poland,Poland,Europe,EURO,71,0,37774045,0.187959749,0
6/1/2022,Spain,Spain,Europe,EURO,448,0,46786482,0.957541539,0
6/1/2022,Turkey,Turkey,Asia,EURO,35,0,85927644,0.040731944,0
6/1/2022,United Kingdom,United Kingdom,,EURO,662,0,68510300,0.966278063,0
6/1/2022,United States,United States,,AMRO,5471,0,334400597,1.636061672,0
6/1/2022,Vietnam,Vietnam,,WPRO,10,0,98871712,0.010114116,0
,,,,,,,,,
,,,,,,,,,
,,,,,,,,,
,,,,,,,,,
,,,,,,,,,
,,,,,,,,,
,,,,,,,,,
,,,,,,,,,
,,,,,,,,,
,,,,,,,,,
,,,,,,,,,
,,,,,,,,,
,,,,,,,,,
,,,,,,,,,
,,,,,,,,,
,,,,,,,,,
,,,,,,,,,
,,,,,,,,,
,,,,,,,,,
,,,,,,,,,
,,,,,,,,,
,,,,,,,,,
,,,,,,,,,
,,,,,,,,,
,,,,,,,,,
,,,,,,,,,
,,,,,,,,,
,,,,,,,,,
,,,,,,,,,
,,,,,,,,,
,,,,,,,,,
,,,,,,,,,
,,,,,,,,,
,,,,,,,,,
,,,,,,,,,
,,,,,,,,,
,,,,,,,,,
,,,,,,,,,
,,,,,,,,,
,,,,,,,,,
,,,,,,,,,
,,,,,,,,,
,,,,,,,,,
,,,,,,,,,
,,,,,,,,,
,,,,,,,,,
,,,,,,,,,
,,,,,,,,,
,,,,,,,,,
,,,,,,,,,
,,,,,,,,,
,,,,,,,,,
,,,,,,,,,
,,,,,,,,,
,,,,,,,,,
,,,,,,,,,
,,,,,,,,,
,,,,,,,,,
,,,,,,,,,
,,,,,,,,,
,,,,,,,,,
,,,,,,,,,
,,,,,,,,,
,,,,,,,,,
,,,,,,,,,
,,,,,,,,,
,,,,,,,,,
,,,,,,,,,
,,,,,,,,,
,,,,,,,,,
,,,,,,,,,
,,,,,,,,,
,,,,,,,,,
,,,,,,,,,
,,,,,,,,,
,,,,,,,,,
,,,,,,,,,
,,,,,,,,,
,,,,,,,,,
,,,,,,,,,
,,,,,,,,,
,,,,,,,,,
,,,,,,,,,
,,,,,,,,,
,,,,,,,,,
,,,,,,,,,
,,,,,,,,,
,,,,,,,,,
,,,,,,,,,
,,,,,,,,,
,,,,,,,,,
,,,,,,,,,
,,,,,,,,,
,,,,,,,,,
,,,,,,,,,
,,,,,,,,,
,,,,,,,,,
,,,,,,,,,
,,,,,,,,,
,,,,,,,,,
,,,,,,,,,
,,,,,,,,,
,,,,,,,,,
,,,,,,,,,
,,,,,,,,,
,,,,,,,,,
,,,,,,,,,
,,,,,,,,,
,,,,,,,,,
,,,,,,,,,
,,,,,,,,,
,,,,,,,,,
,,,,,,,,,
,,,,,,,,,
,,,,,,,,,
,,,,,,,,,
,,,,,,,,,
,,,,,,,,,
,,,,,,,,,
,,,,,,,,,
,,,,,,,,,
,,,,,,,,,
,,,,,,,,,
,,,,,,,,,
,,,,,,,,,
,,,,,,,,,
,,,,,,,,,
,,,,,,,,,
,,,,,,,,,
,,,,,,,,,
,,,,,,,,,
,,,,,,,,,
,,,,,,,,,
,,,,,,,,,
,,,,,,,,,
,,,,,,,,,
,,,,,,,,,
,,,,,,,,,
,,,,,,,,,
,,,,,,,,,
,,,,,,,,,
,,,,,,,,,
,,,,,,,,,
,,,,,,,,,
,,,,,,,,,
,,,,,,,,,
,,,,,,,,,
,,,,,,,,,
,,,,,,,,,
,,,,,,,,,
,,,,,,,,,
,,,,,,,,,
,,,,,,,,,
,,,,,,,,,
,,,,,,,,,
,,,,,,,,,
,,,,,,,,,
,,,,,,,,,
,,,,,,,,,
,,,,,,,,,
,,,,,,,,,
,,,,,,,,,
,,,,,,,,,
,,,,,,,,,
,,,,,,,,,
,,,,,,,,,
,,,,,,,,,
,,,,,,,,,
,,,,,,,,,
,,,,,,,,,
,,,,,,,,,
,,,,,,,,,
,,,,,,,,,
,,,,,,,,,
,,,,,,,,,
,,,,,,,,,
,,,,,,,,,
,,,,,,,,,
,,,,,,,,,
,,,,,,,,,
,,,,,,,,,
,,,,,,,,,
,,,,,,,,,
,,,,,,,,,
,,,,,,,,,
,,,,,,,,,
,,,,,,,,,
,,,,,,,,,
,,,,,,,,,
,,,,,,,,,
,,,,,,,,,
,,,,,,,,,
,,,,,,,,,
,,,,,,,,,
,,,,,,,,,
,,,,,,,,,
,,,,,,,,,
,,,,,,,,,
,,,,,,,,,
,,,,,,,,,
,,,,,,,,,
,,,,,,,,,
,,,,,,,,,
,,,,,,,,,
,,,,,,,,,
,,,,,,,,,
,,,,,,,,,
,,,,,,,,,
,,,,,,,,,
,,,,,,,,,
,,,,,,,,,
,,,,,,,,,
,,,,,,,,,
,,,,,,,,,
,,,,,,,,,
,,,,,,,,,
,,,,,,,,,
,,,,,,,,,
,,,,,,,,,
,,,,,,,,,
,,,,,,,,,
,,,,,,,,,
,,,,,,,,,
,,,,,,,,,
,,,,,,,,,
,,,,,,,,,
,,,,,,,,,
,,,,,,,,,
,,,,,,,,,
,,,,,,,,,
,,,,,,,,,
,,,,,,,,,
,,,,,,,,,
,,,,,,,,,
,,,,,,,,,
,,,,,,,,,
,,,,,,,,,
,,,,,,,,,
,,,,,,,,,
,,,,,,,,,
,,,,,,,,,
,,,,,,,,,
,,,,,,,,,
,,,,,,,,,
,,,,,,,,,
,,,,,,,,,
,,,,,,,,,
,,,,,,,,,
,,,,,,,,,
,,,,,,,,,
,,,,,,,,,
,,,,,,,,,
,,,,,,,,,
,,,,,,,,,
,,,,,,,,,
,,,,,,,,,
,,,,,,,,,
,,,,,,,,,
,,,,,,,,,
,,,,,,,,,
,,,,,,,,,
,,,,,,,,,
,,,,,,,,,
,,,,,,,,,
,,,,,,,,,
,,,,,,,,,
,,,,,,,,,
,,,,,,,,,
,,,,,,,,,
,,,,,,,,,
,,,,,,,,,
,,,,,,,,,
,,,,,,,,,
,,,,,,,,,
,,,,,,,,,
,,,,,,,,,
,,,,,,,,,
,,,,,,,,,
,,,,,,,,,
,,,,,,,,,
,,,,,,,,,
,,,,,,,,,
,,,,,,,,,
,,,,,,,,,
,,,,,,,,,
,,,,,,,,,
,,,,,,,,,
,,,,,,,,,
,,,,,,,,,
,,,,,,,,,
,,,,,,,,,
,,,,,,,,,
,,,,,,,,,
,,,,,,,,,
,,,,,,,,,
,,,,,,,,,
,,,,,,,,,
,,,,,,,,,
,,,,,,,,,
,,,,,,,,,
,,,,,,,,,
,,,,,,,,,
,,,,,,,,,
,,,,,,,,,
,,,,,,,,,
,,,,,,,,,
,,,,,,,,,
,,,,,,,,,
,,,,,,,,,
,,,,,,,,,
,,,,,,,,,
,,,,,,,,,
,,,,,,,,,
,,,,,,,,,
,,,,,,,,,
,,,,,,,,,
,,,,,,,,,
,,,,,,,,,
,,,,,,,,,
,,,,,,,,,
,,,,,,,,,
,,,,,,,,,
,,,,,,,,,
,,,,,,,,,
,,,,,,,,,
,,,,,,,,,
,,,,,,,,,
,,,,,,,,,
,,,,,,,,,
,,,,,,,,,
,,,,,,,,,
,,,,,,,,,
,,,,,,,,,
,,,,,,,,,
,,,,,,,,,
,,,,,,,,,
,,,,,,,,,
,,,,,,,,,
,,,,,,,,,
,,,,,,,,,
,,,,,,,,,
,,,,,,,,,
,,,,,,,,,
,,,,,,,,,
,,,,,,,,,
,,,,,,,,,
,,,,,,,,,
,,,,,,,,,
,,,,,,,,,
,,,,,,,,,
,,,,,,,,,
,,,,,,,,,
,,,,,,,,,
,,,,,,,,,
,,,,,,,,,
,,,,,,,,,
,,,,,,,,,
,,,,,,,,,
,,,,,,,,,
,,,,,,,,,
,,,,,,,,,
,,,,,,,,,
,,,,,,,,,
,,,,,,,,,
,,,,,,,,,
,,,,,,,,,
,,,,,,,,,
,,,,,,,,,
,,,,,,,,,
,,,,,,,,,
,,,,,,,,,
,,,,,,,,,
,,,,,,,,,
,,,,,,,,,
,,,,,,,,,
,,,,,,,,,
,,,,,,,,,
,,,,,,,,,
,,,,,,,,,
,,,,,,,,,
,,,,,,,,,
,,,,,,,,,
,,,,,,,,,
,,,,,,,,,
,,,,,,,,,
,,,,,,,,,
,,,,,,,,,
,,,,,,,,,
,,,,,,,,,
,,,,,,,,,
,,,,,,,,,
,,,,,,,,,
,,,,,,,,,
,,,,,,,,,
,,,,,,,,,
,,,,,,,,,
,,,,,,,,,
,,,,,,,,,
,,,,,,,,,
,,,,,,,,,
,,,,,,,,,
,,,,,,,,,
,,,,,,,,,
,,,,,,,,,
,,,,,,,,,
,,,,,,,,,
,,,,,,,,,
,,,,,,,,,
,,,,,,,,,
,,,,,,,,,
,,,,,,,,,
,,,,,,,,,
,,,,,,,,,
,,,,,,,,,
,,,,,,,,,
,,,,,,,,,
,,,,,,,,,
,,,,,,,,,
,,,,,,,,,
,,,,,,,,,
,,,,,,,,,
,,,,,,,,,
,,,,,,,,,
,,,,,,,,,
,,,,,,,,,
,,,,,,,,,
,,,,,,,,,
,,,,,,,,,
,,,,,,,,,
,,,,,,,,,
,,,,,,,,,
,,,,,,,,,
,,,,,,,,,
,,,,,,,,,
,,,,,,,,,
,,,,,,,,,
,,,,,,,,,
,,,,,,,,,
,,,,,,,,,
,,,,,,,,,
,,,,,,,,,
,,,,,,,,,
,,,,,,,,,
,,,,,,,,,
,,,,,,,,,
,,,,,,,,,
,,,,,,,,,
,,,,,,,,,
,,,,,,,,,
,,,,,,,,,
,,,,,,,,,
,,,,,,,,,
,,,,,,,,,
,,,,,,,,,
,,,,,,,,,
,,,,,,,,,
,,,,,,,,,
,,,,,,,,,
,,,,,,,,,
,,,,,,,,,
,,,,,,,,,
,,,,,,,,,
,,,,,,,,,
,,,,,,,,,
,,,,,,,,,
,,,,,,,,,
,,,,,,,,,
,,,,,,,,,
,,,,,,,,,
,,,,,,,,,
,,,,,,,,,
,,,,,,,,,
,,,,,,,,,
,,,,,,,,,
,,,,,,,,,
,,,,,,,,,
,,,,,,,,,
,,,,,,,,,
,,,,,,,,,
,,,,,,,,,
,,,,,,,,,
,,,,,,,,,
,,,,,,,,,
,,,,,,,,,
,,,,,,,,,
,,,,,,,,,
,,,,,,,,,
,,,,,,,,,
,,,,,,,,,
,,,,,,,,,
,,,,,,,,,
,,,,,,,,,
,,,,,,,,,
,,,,,,,,,
,,,,,,,,,
,,,,,,,,,
,,,,,,,,,
,,,,,,,,,
,,,,,,,,,
,,,,,,,,,
,,,,,,,,,
,,,,,,,,,
,,,,,,,,,
,,,,,,,,,
,,,,,,,,,
,,,,,,,,,
,,,,,,,,,
,,,,,,,,,
,,,,,,,,,
,,,,,,,,,
,,,,,,,,,
,,,,,,,,,
,,,,,,,,,
,,,,,,,,,
,,,,,,,,,
,,,,,,,,,
,,,,,,,,,
,,,,,,,,,
,,,,,,,,,
,,,,,,,,,
,,,,,,,,,
,,,,,,,,,
,,,,,,,,,
,,,,,,,,,
,,,,,,,,,
,,,,,,,,,
,,,,,,,,,
,,,,,,,,,
,,,,,,,,,
,,,,,,,,,
,,,,,,,,,
,,,,,,,,,
,,,,,,,,,
,,,,,,,,,
,,,,,,,,,
,,,,,,,,,
,,,,,,,,,
,,,,,,,,,
,,,,,,,,,
,,,,,,,,,
,,,,,,,,,
,,,,,,,,,
,,,,,,,,,
,,,,,,,,,
,,,,,,,,,
,,,,,,,,,
,,,,,,,,,
,,,,,,,,,
,,,,,,,,,
,,,,,,,,,
,,,,,,,,,
,,,,,,,,,
,,,,,,,,,
,,,,,,,,,
,,,,,,,,,
,,,,,,,,,
,,,,,,,,,
,,,,,,,,,
,,,,,,,,,
,,,,,,,,,
,,,,,,,,,
,,,,,,,,,
,,,,,,,,,
,,,,,,,,,
,,,,,,,,,
,,,,,,,,,
,,,,,,,,,
,,,,,,,,,
,,,,,,,,,
,,,,,,,,,
,,,,,,,,,
,,,,,,,,,
,,,,,,,,,
,,,,,,,,,
,,,,,,,,,
,,,,,,,,,
,,,,,,,,,
,,,,,,,,,
,,,,,,,,,
,,,,,,,,,
,,,,,,,,,
,,,,,,,,,
,,,,,,,,,
,,,,,,,,,
,,,,,,,,,
,,,,,,,,,
,,,,,,,,,
,,,,,,,,,
,,,,,,,,,
,,,,,,,,,
,,,,,,,,,
,,,,,,,,,
,,,,,,,,,
,,,,,,,,,
,,,,,,,,,
,,,,,,,,,
,,,,,,,,,
,,,,,,,,,
,,,,,,,,,
,,,,,,,,,
,,,,,,,,,
,,,,,,,,,
,,,,,,,,,
,,,,,,,,,
,,,,,,,,,
,,,,,,,,,
,,,,,,,,,
,,,,,,,,,
,,,,,,,,,
,,,,,,,,,
,,,,,,,,,
,,,,,,,,,
,,,,,,,,,
,,,,,,,,,
,,,,,,,,,
,,,,,,,,,
,,,,,,,,,
,,,,,,,,,
,,,,,,,,,
,,,,,,,,,
,,,,,,,,,
,,,,,,,,,
,,,,,,,,,
,,,,,,,,,
,,,,,,,,,
,,,,,,,,,
,,,,,,,,,
,,,,,,,,,
,,,,,,,,,
,,,,,,,,,
,,,,,,,,,
,,,,,,,,,
,,,,,,,,,
,,,,,,,,,
,,,,,,,,,
,,,,,,,,,
,,,,,,,,,
,,,,,,,,,
,,,,,,,,,
,,,,,,,,,
,,,,,,,,,
,,,,,,,,,
,,,,,,,,,
,,,,,,,,,
,,,,,,,,,
,,,,,,,,,
,,,,,,,,,
,,,,,,,,,
,,,,,,,,,
,,,,,,,,,
,,,,,,,,,
,,,,,,,,,
,,,,,,,,,
,,,,,,,,,
,,,,,,,,,
,,,,,,,,,
,,,,,,,,,
,,,,,,,,,
,,,,,,,,,
,,,,,,,,,
,,,,,,,,,
,,,,,,,,,
,,,,,,,,,
,,,,,,,,,
,,,,,,,,,
,,,,,,,,,
,,,,,,,,,
,,,,,,,,,
,,,,,,,,,
,,,,,,,,,
,,,,,,,,,
,,,,,,,,,
,,,,,,,,,
,,,,,,,,,
,,,,,,,,,
,,,,,,,,,
,,,,,,,,,
,,,,,,,,,
,,,,,,,,,
,,,,,,,,,
,,,,,,,,,
,,,,,,,,,
,,,,,,,,,
,,,,,,,,,
,,,,,,,,,
,,,,,,,,,
,,,,,,,,,
,,,,,,,,,
,,,,,,,,,
,,,,,,,,,
,,,,,,,,,
,,,,,,,,,
,,,,,,,,,
,,,,,,,,,
,,,,,,,,,
,,,,,,,,,
,,,,,,,,,
,,,,,,,,,
,,,,,,,,,
,,,,,,,,,
,,,,,,,,,
,,,,,,,,,
,,,,,,,,,
,,,,,,,,,
,,,,,,,,,
,,,,,,,,,
,,,,,,,,,
,,,,,,,,,
,,,,,,,,,
,,,,,,,,,
,,,,,,,,,
,,,,,,,,,
,,,,,,,,,
,,,,,,,,,
,,,,,,,,,
,,,,,,,,,
,,,,,,,,,
,,,,,,,,,
,,,,,,,,,
,,,,,,,,,
,,,,,,,,,
,,,,,,,,,
,,,,,,,,,
,,,,,,,,,
,,,,,,,,,
,,,,,,,,,
,,,,,,,,,
,,,,,,,,,
,,,,,,,,,
,,,,,,,,,
,,,,,,,,,
,,,,,,,,,
,,,,,,,,,
,,,,,,,,,
,,,,,,,,,
,,,,,,,,,
,,,,,,,,,
,,,,,,,,,
,,,,,,,,,
,,,,,,,,,
,,,,,,,,,
,,,,,,,,,
,,,,,,,,,
,,,,,,,,,
,,,,,,,,,
,,,,,,,,,
,,,,,,,,,
,,,,,,,,,
,,,,,,,,,
,,,,,,,,,
,,,,,,,,,
,,,,,,,,,
,,,,,,,,,
,,,,,,,,,
,,,,,,,,,
,,,,,,,,,
,,,,,,,,,
,,,,,,,,,
,,,,,,,,,
,,,,,,,,,
,,,,,,,,,
,,,,,,,,,
,,,,,,,,,
,,,,,,,,,
,,,,,,,,,
,,,,,,,,,
,,,,,,,,,
,,,,,,,,,
,,,,,,,,,
,,,,,,,,,
,,,,,,,,,
,,,,,,,,,
,,,,,,,,,
,,,,,,,,,
,,,,,,,,,
,,,,,,,,,
,,,,,,,,,
,,,,,,,,,
,,,,,,,,,
,,,,,,,,,
,,,,,,,,,
,,,,,,,,,
,,,,,,,,,
,,,,,,,,,
,,,,,,,,,
,,,,,,,,,
,,,,,,,,,
,,,,,,,,,
,,,,,,,,,
,,,,,,,,,
,,,,,,,,,
,,,,,,,,,
,,,,,,,,,
,,,,,,,,,
,,,,,,,,,
,,,,,,,,,
,,,,,,,,,
,,,,,,,,,
,,,,,,,,,
,,,,,,,,,
,,,,,,,,,
,,,,,,,,,
,,,,,,,,,
,,,,,,,,,
,,,,,,,,,
,,,,,,,,,
,,,,,,,,,
,,,,,,,,,
,,,,,,,,,
,,,,,,,,,
,,,,,,,,,
,,,,,,,,,
,,,,,,,,,
,,,,,,,,,
,,,,,,,,,
,,,,,,,,,
,,,,,,,,,
,,,,,,,,,
,,,,,,,,,
,,,,,,,,,
,,,,,,,,,
,,,,,,,,,
,,,,,,,,,
,,,,,,,,,
,,,,,,,,,
,,,,,,,,,
,,,,,,,,,
,,,,,,,,,
,,,,,,,,,
,,,,,,,,,
,,,,,,,,,
,,,,,,,,,
,,,,,,,,,
,,,,,,,,,
,,,,,,,,,
,,,,,,,,,
,,,,,,,,,
,,,,,,,,,
,,,,,,,,,
,,,,,,,,,
,,,,,,,,,
,,,,,,,,,
,,,,,,,,,
,,,,,,,,,
,,,,,,,,,
,,,,,,,,,
,,,,,,,,,
,,,,,,,,,
,,,,,,,,,
,,,,,,,,,
,,,,,,,,,
,,,,,,,,,
,,,,,,,,,
,,,,,,,,,
,,,,,,,,,
,,,,,,,,,
,,,,,,,,,
,,,,,,,,,
,,,,,,,,,
,,,,,,,,,
,,,,,,,,,
,,,,,,,,,
,,,,,,,,,
,,,,,,,,,
,,,,,,,,,
,,,,,,,,,
,,,,,,,,,
,,,,,,,,,
,,,,,,,,,
,,,,,,,,,
,,,,,,,,,
,,,,,,,,,
,,,,,,,,,
,,,,,,,,,
,,,,,,,,,
,,,,,,,,,
,,,,,,,,,
,,,,,,,,,
,,,,,,,,,
,,,,,,,,,
,,,,,,,,,
,,,,,,,,,
,,,,,,,,,
,,,,,,,,,
,,,,,,,,,
,,,,,,,,,
,,,,,,,,,
,,,,,,,,,
,,,,,,,,,
,,,,,,,,,
,,,,,,,,,
,,,,,,,,,
,,,,,,,,,
,,,,,,,,,
,,,,,,,,,
,,,,,,,,,
,,,,,,,,,
,,,,,,,,,
,,,,,,,,,
,,,,,,,,,
,,,,,,,,,
,,,,,,,,,
,,,,,,,,,
,,,,,,,,,
,,,,,,,,,
,,,,,,,,,
,,,,,,,,,
,,,,,,,,,
,,,,,,,,,
,,,,,,,,,
,,,,,,,,,
,,,,,,,,,
,,,,,,,,,
,,,,,,,,,
,,,,,,,,,
,,,,,,,,,
,,,,,,,,,
,,,,,,,,,
,,,,,,,,,
,,,,,,,,,
,,,,,,,,,
,,,,,,,,,
,,,,,,,,,
,,,,,,,,,
,,,,,,,,,
,,,,,,,,,
,,,,,,,,,
,,,,,,,,,
,,,,,,,,,
,,,,,,,,,
,,,,,,,,,
,,,,,,,,,
,,,,,,,,,
,,,,,,,,,
,,,,,,,,,
,,,,,,,,,
,,,,,,,,,
,,,,,,,,,
,,,,,,,,,
,,,,,,,,,
,,,,,,,,,
,,,,,,,,,
,,,,,,,,,
,,,,,,,,,
,,,,,,,,,
,,,,,,,,,
,,,,,,,,,
,,,,,,,,,
,,,,,,,,,
,,,,,,,,,
,,,,,,,,,
,,,,,,,,,
,,,,,,,,,
,,,,,,,,,
,,,,,,,,,
,,,,,,,,,
,,,,,,,,,
,,,,,,,,,
,,,,,,,,,
,,,,,,,,,
,,,,,,,,,
,,,,,,,,,
,,,,,,,,,
,,,,,,,,,
,,,,,,,,,
,,,,,,,,,
,,,,,,,,,
,,,,,,,,,
,,,,,,,,,
,,,,,,,,,
,,,,,,,,,
,,,,,,,,,
,,,,,,,,,
,,,,,,,,,
,,,,,,,,,
,,,,,,,,,
,,,,,,,,,
,,,,,,,,,
,,,,,,,,,
,,,,,,,,,
,,,,,,,,,
,,,,,,,,,
,,,,,,,,,
,,,,,,,,,
,,,,,,,,,
,,,,,,,,,
,,,,,,,,,
,,,,,,,,,
,,,,,,,,,
,,,,,,,,,
,,,,,,,,,
,,,,,,,,,
,,,,,,,,,
,,,,,,,,,
,,,,,,,,,
,,,,,,,,,
,,,,,,,,,
,,,,,,,,,
,,,,,,,,,
,,,,,,,,,
,,,,,,,,,
,,,,,,,,,
,,,,,,,,,
,,,,,,,,,
,,,,,,,,,
,,,,,,,,,
,,,,,,,,,
,,,,,,,,,
,,,,,,,,,
,,,,,,,,,
,,,,,,,,,
,,,,,,,,,
,,,,,,,,,
,,,,,,,,,
,,,,,,,,,
,,,,,,,,,
,,,,,,,,,
,,,,,,,,,
,,,,,,,,,
,,,,,,,,,
,,,,,,,,,
,,,,,,,,,
,,,,,,,,,
,,,,,,,,,
,,,,,,,,,
,,,,,,,,,
,,,,,,,,,
,,,,,,,,,
,,,,,,,,,
,,,,,,,,,
,,,,,,,,,
,,,,,,,,,
,,,,,,,,,
,,,,,,,,,
,,,,,,,,,
,,,,,,,,,
,,,,,,,,,
,,,,,,,,,
,,,,,,,,,
,,,,,,,,,
,,,,,,,,,
,,,,,,,,,
,,,,,,,,,
,,,,,,,,,
,,,,,,,,,
,,,,,,,,,
,,,,,,,,,
,,,,,,,,,
,,,,,,,,,
,,,,,,,,,
,,,,,,,,,
,,,,,,,,,
,,,,,,,,,
,,,,,,,,,
,,,,,,,,,
,,,,,,,,,
,,,,,,,,,
,,,,,,,,,
,,,,,,,,,
,,,,,,,,,
,,,,,,,,,
,,,,,,,,,
,,,,,,,,,
,,,,,,,,,
,,,,,,,,,
,,,,,,,,,
,,,,,,,,,
,,,,,,,,,
,,,,,,,,,
,,,,,,,,,
,,,,,,,,,
,,,,,,,,,
,,,,,,,,,
,,,,,,,,,
,,,,,,,,,
,,,,,,,,,
,,,,,,,,,
,,,,,,,,,
,,,,,,,,,
,,,,,,,,,
,,,,,,,,,
,,,,,,,,,
,,,,,,,,,
,,,,,,,,,
,,,,,,,,,
,,,,,,,,,
,,,,,,,,,
,,,,,,,,,
,,,,,,,,,
,,,,,,,,,
,,,,,,,,,
,,,,,,,,,
,,,,,,,,,
,,,,,,,,,
,,,,,,,,,
,,,,,,,,,
,,,,,,,,,
,,,,,,,,,
,,,,,,,,,
,,,,,,,,,
,,,,,,,,,
,,,,,,,,,
,,,,,,,,,
,,,,,,,,,
,,,,,,,,,
,,,,,,,,,
,,,,,,,,,
,,,,,,,,,
,,,,,,,,,
,,,,,,,,,
,,,,,,,,,
,,,,,,,,,
,,,,,,,,,
,,,,,,,,,
,,,,,,,,,
,,,,,,,,,
,,,,,,,,,
,,,,,,,,,
,,,,,,,,,
,,,,,,,,,
,,,,,,,,,
,,,,,,,,,
,,,,,,,,,
,,,,,,,,,
,,,,,,,,,
,,,,,,,,,
,,,,,,,,,
,,,,,,,,,
,,,,,,,,,
,,,,,,,,,
,,,,,,,,,
,,,,,,,,,
,,,,,,,,,
,,,,,,,,,
,,,,,,,,,
,,,,,,,,,
,,,,,,,,,
,,,,,,,,,
,,,,,,,,,
,,,,,,,,,
,,,,,,,,,
,,,,,,,,,
,,,,,,,,,
,,,,,,,,,
,,,,,,,,,
,,,,,,,,,
,,,,,,,,,
,,,,,,,,,
,,,,,,,,,
,,,,,,,,,
,,,,,,,,,
,,,,,,,,,
,,,,,,,,,
,,,,,,,,,
,,,,,,,,,
,,,,,,,,,
,,,,,,,,,
,,,,,,,,,
,,,,,,,,,
,,,,,,,,,
,,,,,,,,,
,,,,,,,,,
,,,,,,,,,
,,,,,,,,,
,,,,,,,,,
,,,,,,,,,
,,,,,,,,,
,,,,,,,,,
,,,,,,,,,
,,,,,,,,,
,,,,,,,,,
,,,,,,,,,
,,,,,,,,,
,,,,,,,,,
,,,,,,,,,
,,,,,,,,,
,,,,,,,,,
,,,,,,,,,
,,,,,,,,,
,,,,,,,,,
,,,,,,,,,
,,,,,,,,,
,,,,,,,,,
,,,,,,,,,
,,,,,,,,,
,,,,,,,,,
,,,,,,,,,
,,,,,,,,,
,,,,,,,,,
,,,,,,,,,
,,,,,,,,,
,,,,,,,,,
,,,,,,,,,
,,,,,,,,,
,,,,,,,,,
,,,,,,,,,
,,,,,,,,,
,,,,,,,,,
,,,,,,,,,
,,,,,,,,,
,,,,,,,,,
,,,,,,,,,
,,,,,,,,,
,,,,,,,,,
,,,,,,,,,
,,,,,,,,,
,,,,,,,,,
,,,,,,,,,
,,,,,,,,,
,,,,,,,,,
,,,,,,,,,
,,,,,,,,,
,,,,,,,,,
,,,,,,,,,
,,,,,,,,,
,,,,,,,,,
,,,,,,,,,
,,,,,,,,,
,,,,,,,,,
,,,,,,,,,
,,,,,,,,,
,,,,,,,,,
,,,,,,,,,
,,,,,,,,,
,,,,,,,,,
,,,,,,,,,
,,,,,,,,,
,,,,,,,,,
,,,,,,,,,
,,,,,,,,,
,,,,,,,,,
,,,,,,,,,
,,,,,,,,,
,,,,,,,,,
,,,,,,,,,
,,,,,,,,,
,,,,,,,,,
,,,,,,,,,
,,,,,,,,,
,,,,,,,,,
,,,,,,,,,
,,,,,,,,,
,,,,,,,,,
,,,,,,,,,
,,,,,,,,,
,,,,,,,,,
,,,,,,,,,
,,,,,,,,,
,,,,,,,,,
,,,,,,,,,
,,,,,,,,,
,,,,,,,,,
,,,,,,,,,
,,,,,,,,,
,,,,,,,,,
,,,,,,,,,
,,,,,,,,,
,,,,,,,,,
,,,,,,,,,
,,,,,,,,,
,,,,,,,,,
,,,,,,,,,
,,,,,,,,,
,,,,,,,,,
,,,,,,,,,
,,,,,,,,,
,,,,,,,,,
,,,,,,,,,
,,,,,,,,,
,,,,,,,,,
,,,,,,,,,
,,,,,,,,,
,,,,,,,,,
,,,,,,,,,
,,,,,,,,,
,,,,,,,,,
,,,,,,,,,
,,,,,,,,,
,,,,,,,,,
,,,,,,,,,
,,,,,,,,,
,,,,,,,,,
,,,,,,,,,
,,,,,,,,,
,,,,,,,,,
,,,,,,,,,
,,,,,,,,,
,,,,,,,,,
,,,,,,,,,
,,,,,,,,,
,,,,,,,,,
,,,,,,,,,
,,,,,,,,,
,,,,,,,,,
,,,,,,,,,
,,,,,,,,,
,,,,,,,,,
,,,,,,,,,
,,,,,,,,,
,,,,,,,,,
,,,,,,,,,
,,,,,,,,,
,,,,,,,,,
,,,,,,,,,
,,,,,,,,,
,,,,,,,,,
,,,,,,,,,
,,,,,,,,,
,,,,,,,,,
,,,,,,,,,
,,,,,,,,,
,,,,,,,,,
,,,,,,,,,
,,,,,,,,,
,,,,,,,,,
,,,,,,,,,
,,,,,,,,,
,,,,,,,,,
,,,,,,,,,
,,,,,,,,,
,,,,,,,,,
,,,,,,,,,
,,,,,,,,,
,,,,,,,,,
,,,,,,,,,
,,,,,,,,,
,,,,,,,,,
,,,,,,,,,
,,,,,,,,,
,,,,,,,,,
,,,,,,,,,
,,,,,,,,,
,,,,,,,,,
,,,,,,,,,
,,,,,,,,,
,,,,,,,,,
,,,,,,,,,
,,,,,,,,,
,,,,,,,,,
,,,,,,,,,
,,,,,,,,,
,,,,,,,,,
,,,,,,,,,
,,,,,,,,,
,,,,,,,,,
,,,,,,,,,
,,,,,,,,,
,,,,,,,,,
,,,,,,,,,
,,,,,,,,,
,,,,,,,,,
,,,,,,,,,
,,,,,,,,,
,,,,,,,,,
,,,,,,,,,
,,,,,,,,,
,,,,,,,,,
,,,,,,,,,
,,,,,,,,,
,,,,,,,,,
,,,,,,,,,
,,,,,,,,,
,,,,,,,,,
,,,,,,,,,
,,,,,,,,,
,,,,,,,,,
,,,,,,,,,
,,,,,,,,,
,,,,,,,,,
,,,,,,,,,
,,,,,,,,,
,,,,,,,,,
,,,,,,,,,
,,,,,,,,,
,,,,,,,,,
,,,,,,,,,
,,,,,,,,,
,,,,,,,,,
,,,,,,,,,
,,,,,,,,,
,,,,,,,,,
,,,,,,,,,
,,,,,,,,,
,,,,,,,,,
,,,,,,,,,
,,,,,,,,,
,,,,,,,,,
,,,,,,,,,
,,,,,,,,,
,,,,,,,,,
,,,,,,,,,
,,,,,,,,,
,,,,,,,,,
,,,,,,,,,
,,,,,,,,,
,,,,,,,,,
,,,,,,,,,
,,,,,,,,,
,,,,,,,,,
,,,,,,,,,
,,,,,,,,,
,,,,,,,,,
,,,,,,,,,
,,,,,,,,,
,,,,,,,,,
,,,,,,,,,
,,,,,,,,,
,,,,,,,,,
,,,,,,,,,
,,,,,,,,,
,,,,,,,,,
,,,,,,,,,
,,,,,,,,,
,,,,,,,,,
,,,,,,,,,
,,,,,,,,,
,,,,,,,,,
,,,,,,,,,
,,,,,,,,,
,,,,,,,,,
,,,,,,,,,
,,,,,,,,,
,,,,,,,,,
,,,,,,,,,
,,,,,,,,,
,,,,,,,,,
,,,,,,,,,
,,,,,,,,,
,,,,,,,,,
,,,,,,,,,
,,,,,,,,,
,,,,,,,,,
,,,,,,,,,
,,,,,,,,,
,,,,,,,,,
,,,,,,,,,
,,,,,,,,,
,,,,,,,,,
,,,,,,,,,
,,,,,,,,,
,,,,,,,,,
,,,,,,,,,
,,,,,,,,,
,,,,,,,,,
,,,,,,,,,
,,,,,,,,,
,,,,,,,,,
,,,,,,,,,
,,,,,,,,,
,,,,,,,,,
,,,,,,,,,
,,,,,,,,,
,,,,,,,,,
,,,,,,,,,
,,,,,,,,,
,,,,,,,,,
,,,,,,,,,
,,,,,,,,,
,,,,,,,,,
,,,,,,,,,
,,,,,,,,,
,,,,,,,,,
,,,,,,,,,
,,,,,,,,,
,,,,,,,,,
,,,,,,,,,
,,,,,,,,,
,,,,,,,,,
,,,,,,,,,
,,,,,,,,,
,,,,,,,,,
,,,,,,,,,
,,,,,,,,,
,,,,,,,,,
,,,,,,,,,
,,,,,,,,,
,,,,,,,,,
,,,,,,,,,
,,,,,,,,,
,,,,,,,,,
,,,,,,,,,
,,,,,,,,,
,,,,,,,,,
,,,,,,,,,
,,,,,,,,,
,,,,,,,,,
,,,,,,,,,
,,,,,,,,,
,,,,,,,,,
,,,,,,,,,
,,,,,,,,,
,,,,,,,,,
,,,,,,,,,
,,,,,,,,,
,,,,,,,,,
,,,,,,,,,
,,,,,,,,,
,,,,,,,,,
,,,,,,,,,
,,,,,,,,,
,,,,,,,,,
,,,,,,,,,
,,,,,,,,,
,,,,,,,,,
,,,,,,,,,
,,,,,,,,,
,,,,,,,,,
,,,,,,,,,
,,,,,,,,,
,,,,,,,,,
,,,,,,,,,
,,,,,,,,,
,,,,,,,,,
,,,,,,,,,
,,,,,,,,,
,,,,,,,,,
,,,,,,,,,
,,,,,,,,,
,,,,,,,,,
,,,,,,,,,
,,,,,,,,,
,,,,,,,,,
,,,,,,,,,
,,,,,,,,,
,,,,,,,,,
,,,,,,,,,
,,,,,,,,,
,,,,,,,,,
,,,,,,,,,
,,,,,,,,,
,,,,,,,,,
,,,,,,,,,
,,,,,,,,,
,,,,,,,,,
,,,,,,,,,
,,,,,,,,,
,,,,,,,,,
,,,,,,,,,
,,,,,,,,,
,,,,,,,,,
,,,,,,,,,
,,,,,,,,,
,,,,,,,,,
,,,,,,,,,
,,,,,,,,,
,,,,,,,,,
,,,,,,,,,
,,,,,,,,,
,,,,,,,,,
,,,,,,,,,
,,,,,,,,,
,,,,,,,,,
,,,,,,,,,
,,,,,,,,,
,,,,,,,,,
,,,,,,,,,
,,,,,,,,,
,,,,,,,,,
,,,,,,,,,
,,,,,,,,,
,,,,,,,,,
,,,,,,,,,
,,,,,,,,,
,,,,,,,,,
,,,,,,,,,
,,,,,,,,,
,,,,,,,,,
,,,,,,,,,
,,,,,,,,,
,,,,,,,,,
,,,,,,,,,
,,,,,,,,,
,,,,,,,,,
,,,,,,,,,
,,,,,,,,,
,,,,,,,,,
,,,,,,,,,
,,,,,,,,,
,,,,,,,,,
,,,,,,,,,
,,,,,,,,,
,,,,,,,,,
,,,,,,,,,
,,,,,,,,,
,,,,,,,,,
,,,,,,,,,
,,,,,,,,,
,,,,,,,,,
,,,,,,,,,
,,,,,,,,,
,,,,,,,,,
,,,,,,,,,
,,,,,,,,,
,,,,,,,,,
,,,,,,,,,
,,,,,,,,,
,,,,,,,,,
,,,,,,,,,
,,,,,,,,,
,,,,,,,,,
,,,,,,,,,
,,,,,,,,,
,,,,,,,,,
,,,,,,,,,
,,,,,,,,,
,,,,,,,,,
,,,,,,,,,
,,,,,,,,,
,,,,,,,,,
,,,,,,,,,
,,,,,,,,,
,,,,,,,,,
,,,,,,,,,
,,,,,,,,,
,,,,,,,,,
,,,,,,,,,
,,,,,,,,,
,,,,,,,,,
,,,,,,,,,
,,,,,,,,,
,,,,,,,,,
,,,,,,,,,
,,,,,,,,,
,,,,,,,,,
,,,,,,,,,
,,,,,,,,,
,,,,,,,,,
,,,,,,,,,
,,,,,,,,,
,,,,,,,,,
,,,,,,,,,
,,,,,,,,,
,,,,,,,,,
,,,,,,,,,
,,,,,,,,,
,,,,,,,,,
,,,,,,,,,
,,,,,,,,,
,,,,,,,,,
,,,,,,,,,
,,,,,,,,,
,,,,,,,,,
,,,,,,,,,
,,,,,,,,,
,,,,,,,,,
,,,,,,,,,
,,,,,,,,,
,,,,,,,,,
,,,,,,,,,
,,,,,,,,,
,,,,,,,,,
,,,,,,,,,
,,,,,,,,,
,,,,,,,,,
,,,,,,,,,
,,,,,,,,,
,,,,,,,,,
,,,,,,,,,
,,,,,,,,,
,,,,,,,,,
,,,,,,,,,
,,,,,,,,,
,,,,,,,,,
,,,,,,,,,
,,,,,,,,,
,,,,,,,,,
,,,,,,,,,
,,,,,,,,,
,,,,,,,,,
,,,,,,,,,
,,,,,,,,,
,,,,,,,,,
,,,,,,,,,
,,,,,,,,,
,,,,,,,,,
,,,,,,,,,
,,,,,,,,,
,,,,,,,,,
,,,,,,,,,
,,,,,,,,,
,,,,,,,,,
,,,,,,,,,
,,,,,,,,,
,,,,,,,,,
,,,,,,,,,
,,,,,,,,,
,,,,,,,,,
,,,,,,,,,
,,,,,,,,,
,,,,,,,,,
,,,,,,,,,
,,,,,,,,,
,,,,,,,,,
,,,,,,,,,
,,,,,,,,,
,,,,,,,,,
,,,,,,,,,
,,,,,,,,,
,,,,,,,,,
,,,,,,,,,
,,,,,,,,,
,,,,,,,,,
,,,,,,,,,
,,,,,,,,,
,,,,,,,,,
,,,,,,,,,
,,,,,,,,,
,,,,,,,,,
,,,,,,,,,
,,,,,,,,,
,,,,,,,,,
,,,,,,,,,
,,,,,,,,,
,,,,,,,,,
,,,,,,,,,
,,,,,,,,,
,,,,,,,,,
,,,,,,,,,
,,,,,,,,,
,,,,,,,,,
,,,,,,,,,
,,,,,,,,,
,,,,,,,,,
,,,,,,,,,
,,,,,,,,,
,,,,,,,,,
,,,,,,,,,
,,,,,,,,,
,,,,,,,,,
,,,,,,,,,
,,,,,,,,,
,,,,,,,,,
,,,,,,,,,
,,,,,,,,,
,,,,,,,,,
,,,,,,,,,
,,,,,,,,,
,,,,,,,,,
,,,,,,,,,
,,,,,,,,,
,,,,,,,,,
,,,,,,,,,
,,,,,,,,,
,,,,,,,,,
,,,,,,,,,
,,,,,,,,,
,,,,,,,,,
,,,,,,,,,
,,,,,,,,,
,,,,,,,,,
,,,,,,,,,
,,,,,,,,,
,,,,,,,,,
,,,,,,,,,
,,,,,,,,,
,,,,,,,,,
,,,,,,,,,
,,,,,,,,,
,,,,,,,,,
,,,,,,,,,
,,,,,,,,,
,,,,,,,,,
,,,,,,,,,
,,,,,,,,,
,,,,,,,,,
,,,,,,,,,
,,,,,,,,,
,,,,,,,,,
,,,,,,,,,
,,,,,,,,,
,,,,,,,,,
,,,,,,,,,
,,,,,,,,,
,,,,,,,,,
,,,,,,,,,
,,,,,,,,,
,,,,,,,,,
,,,,,,,,,
,,,,,,,,,
,,,,,,,,,
,,,,,,,,,
,,,,,,,,,
,,,,,,,,,
,,,,,,,,,
,,,,,,,,,
,,,,,,,,,
,,,,,,,,,
,,,,,,,,,
,,,,,,,,,
,,,,,,,,,
,,,,,,,,,
,,,,,,,,,
,,,,,,,,,
,,,,,,,,,
,,,,,,,,,
,,,,,,,,,
,,,,,,,,,
,,,,,,,,,
,,,,,,,,,
,,,,,,,,,
,,,,,,,,,
,,,,,,,,,
,,,,,,,,,
,,,,,,,,,
,,,,,,,,,
,,,,,,,,,
,,,,,,,,,
,,,,,,,,,
,,,,,,,,,
,,,,,,,,,
,,,,,,,,,
,,,,,,,,,
,,,,,,,,,
,,,,,,,,,
,,,,,,,,,
,,,,,,,,,
,,,,,,,,,
,,,,,,,,,
,,,,,,,,,
,,,,,,,,,
,,,,,,,,,
,,,,,,,,,
,,,,,,,,,
,,,,,,,,,
,,,,,,,,,
,,,,,,,,,
,,,,,,,,,
,,,,,,,,,
,,,,,,,,,
,,,,,,,,,
,,,,,,,,,
,,,,,,,,,
,,,,,,,,,
,,,,,,,,,
,,,,,,,,,
,,,,,,,,,
,,,,,,,,,
,,,,,,,,,
,,,,,,,,,
,,,,,,,,,
,,,,,,,,,
,,,,,,,,,
,,,,,,,,,
,,,,,,,,,
,,,,,,,,,
,,,,,,,,,
,,,,,,,,,
,,,,,,,,,
,,,,,,,,,
,,,,,,,,,
,,,,,,,,,
,,,,,,,,,
,,,,,,,,,
,,,,,,,,,
,,,,,,,,,
,,,,,,,,,
,,,,,,,,,
,,,,,,,,,
,,,,,,,,,
,,,,,,,,,
,,,,,,,,,
,,,,,,,,,
,,,,,,,,,
,,,,,,,,,
,,,,,,,,,
,,,,,,,,,
,,,,,,,,,
,,,,,,,,,
,,,,,,,,,
,,,,,,,,,
,,,,,,,,,
,,,,,,,,,
,,,,,,,,,
,,,,,,,,,
,,,,,,,,,
,,,,,,,,,
,,,,,,,,,
,,,,,,,,,
,,,,,,,,,
,,,,,,,,,
,,,,,,,,,
,,,,,,,,,
,,,,,,,,,
,,,,,,,,,
,,,,,,,,,
,,,,,,,,,
,,,,,,,,,
,,,,,,,,,
,,,,,,,,,
,,,,,,,,,
,,,,,,,,,
,,,,,,,,,
,,,,,,,,,
,,,,,,,,,
,,,,,,,,,
,,,,,,,,,
,,,,,,,,,
,,,,,,,,,
,,,,,,,,,
,,,,,,,,,
,,,,,,,,,
,,,,,,,,,
,,,,,,,,,
,,,,,,,,,
,,,,,,,,,
,,,,,,,,,
,,,,,,,,,
,,,,,,,,,
,,,,,,,,,
,,,,,,,,,
,,,,,,,,,
,,,,,,,,,
,,,,,,,,,
,,,,,,,,,
,,,,,,,,,
,,,,,,,,,
,,,,,,,,,
,,,,,,,,,
,,,,,,,,,
,,,,,,,,,
,,,,,,,,,
,,,,,,,,,
,,,,,,,,,
,,,,,,,,,
,,,,,,,,,
,,,,,,,,,
,,,,,,,,,
,,,,,,,,,
,,,,,,,,,
,,,,,,,,,
,,,,,,,,,
,,,,,,,,,
,,,,,,,,,
,,,,,,,,,
,,,,,,,,,
,,,,,,,,,
,,,,,,,,,
,,,,,,,,,
,,,,,,,,,
,,,,,,,,,
,,,,,,,,,
,,,,,,,,,
,,,,,,,,,
,,,,,,,,,
,,,,,,,,,
,,,,,,,,,
,,,,,,,,,
,,,,,,,,,
,,,,,,,,,
,,,,,,,,,
,,,,,,,,,
,,,,,,,,,
,,,,,,,,,
,,,,,,,,,
,,,,,,,,,
,,,,,,,,,
,,,,,,,,,
,,,,,,,,,
,,,,,,,,,
,,,,,,,,,
,,,,,,,,,
,,,,,,,,,
,,,,,,,,,
,,,,,,,,,
,,,,,,,,,
,,,,,,,,,
,,,,,,,,,
,,,,,,,,,
,,,,,,,,,
,,,,,,,,,
,,,,,,,,,
,,,,,,,,,
,,,,,,,,,
,,,,,,,,,
,,,,,,,,,
,,,,,,,,,
,,,,,,,,,
,,,,,,,,,
,,,,,,,,,
,,,,,,,,,
,,,,,,,,,
,,,,,,,,,
,,,,,,,,,
,,,,,,,,,
,,,,,,,,,
,,,,,,,,,
,,,,,,,,,
,,,,,,,,,
,,,,,,,,,
,,,,,,,,,
,,,,,,,,,
,,,,,,,,,
,,,,,,,,,
,,,,,,,,,
,,,,,,,,,
,,,,,,,,,
,,,,,,,,,
,,,,,,,,,
,,,,,,,,,
,,,,,,,,,
,,,,,,,,,
,,,,,,,,,
,,,,,,,,,
,,,,,,,,,
,,,,,,,,,
,,,,,,,,,
,,,,,,,,,
,,,,,,,,,
,,,,,,,,,
,,,,,,,,,
,,,,,,,,,
,,,,,,,,,
,,,,,,,,,
,,,,,,,,,
,,,,,,,,,
,,,,,,,,,
,,,,,,,,,
,,,,,,,,,
,,,,,,,,,
,,,,,,,,,
,,,,,,,,,
,,,,,,,,,
,,,,,,,,,
,,,,,,,,,
,,,,,,,,,
,,,,,,,,,
,,,,,,,,,
,,,,,,,,,
,,,,,,,,,
,,,,,,,,,
,,,,,,,,,
,,,,,,,,,
,,,,,,,,,
,,,,,,,,,
,,,,,,,,,
,,,,,,,,,
,,,,,,,,,
,,,,,,,,,
,,,,,,,,,
,,,,,,,,,
,,,,,,,,,
,,,,,,,,,
,,,,,,,,,
,,,,,,,,,
,,,,,,,,,
,,,,,,,,,
,,,,,,,,,
,,,,,,,,,
,,,,,,,,,
,,,,,,,,,
,,,,,,,,,
,,,,,,,,,
,,,,,,,,,
,,,,,,,,,
,,,,,,,,,
,,,,,,,,,
,,,,,,,,,
,,,,,,,,,
,,,,,,,,,
,,,,,,,,,
,,,,,,,,,
,,,,,,,,,
,,,,,,,,,
,,,,,,,,,
,,,,,,,,,
,,,,,,,,,
,,,,,,,,,
,,,,,,,,,
,,,,,,,,,
,,,,,,,,,
,,,,,,,,,
,,,,,,,,,
,,,,,,,,,
,,,,,,,,,
,,,,,,,,,
,,,,,,,,,
,,,,,,,,,
,,,,,,,,,
,,,,,,,,,
,,,,,,,,,
,,,,,,,,,
,,,,,,,,,
,,,,,,,,,
,,,,,,,,,
,,,,,,,,,
,,,,,,,,,
,,,,,,,,,
,,,,,,,,,
,,,,,,,,,
,,,,,,,,,
,,,,,,,,,
,,,,,,,,,
,,,,,,,,,
,,,,,,,,,
,,,,,,,,,
,,,,,,,,,
,,,,,,,,,
,,,,,,,,,
,,,,,,,,,
,,,,,,,,,
,,,,,,,,,
,,,,,,,,,
,,,,,,,,,
,,,,,,,,,
,,,,,,,,,
,,,,,,,,,
,,,,,,,,,
,,,,,,,,,
,,,,,,,,,
,,,,,,,,,
,,,,,,,,,
,,,,,,,,,
,,,,,,,,,
,,,,,,,,,
,,,,,,,,,
,,,,,,,,,
,,,,,,,,,
,,,,,,,,,
,,,,,,,,,
,,,,,,,,,
,,,,,,,,,
,,,,,,,,,
,,,,,,,,,
,,,,,,,,,
,,,,,,,,,
,,,,,,,,,
,,,,,,,,,
,,,,,,,,,
,,,,,,,,,
,,,,,,,,,
,,,,,,,,,
,,,,,,,,,
,,,,,,,,,
,,,,,,,,,
,,,,,,,,,
,,,,,,,,,
,,,,,,,,,
,,,,,,,,,
,,,,,,,,,
,,,,,,,,,
,,,,,,,,,
,,,,,,,,,
,,,,,,,,,
,,,,,,,,,
,,,,,,,,,
,,,,,,,,,
,,,,,,,,,
,,,,,,,,,
,,,,,,,,,
,,,,,,,,,
,,,,,,,,,
,,,,,,,,,
,,,,,,,,,
,,,,,,,,,
,,,,,,,,,
,,,,,,,,,
,,,,,,,,,
,,,,,,,,,
,,,,,,,,,
,,,,,,,,,
,,,,,,,,,
,,,,,,,,,
,,,,,,,,,
,,,,,,,,,
,,,,,,,,,
,,,,,,,,,
,,,,,,,,,
,,,,,,,,,
,,,,,,,,,
,,,,,,,,,
,,,,,,,,,
,,,,,,,,,
,,,,,,,,,
,,,,,,,,,
,,,,,,,,,
,,,,,,,,,
,,,,,,,,,
,,,,,,,,,
,,,,,,,,,
,,,,,,,,,
,,,,,,,,,
,,,,,,,,,
,,,,,,,,,
,,,,,,,,,
,,,,,,,,,
,,,,,,,,,
,,,,,,,,,
,,,,,,,,,
,,,,,,,,,
,,,,,,,,,
,,,,,,,,,
,,,,,,,,,
,,,,,,,,,
,,,,,,,,,
,,,,,,,,,
,,,,,,,,,
,,,,,,,,,
,,,,,,,,,
,,,,,,,,,
,,,,,,,,,
,,,,,,,,,
,,,,,,,,,
,,,,,,,,,
,,,,,,,,,
,,,,,,,,,
,,,,,,,,,
,,,,,,,,,
,,,,,,,,,
,,,,,,,,,
,,,,,,,,,
,,,,,,,,,
,,,,,,,,,
,,,,,,,,,
,,,,,,,,,
,,,,,,,,,
,,,,,,,,,
,,,,,,,,,
,,,,,,,,,
,,,,,,,,,
,,,,,,,,,
,,,,,,,,,
,,,,,,,,,
,,,,,,,,,
,,,,,,,,,
,,,,,,,,,
,,,,,,,,,
,,,,,,,,,
,,,,,,,,,
,,,,,,,,,
,,,,,,,,,
,,,,,,,,,
,,,,,,,,,
,,,,,,,,,
,,,,,,,,,
,,,,,,,,,
,,,,,,,,,
,,,,,,,,,
,,,,,,,,,
,,,,,,,,,
,,,,,,,,,
,,,,,,,,,
,,,,,,,,,
,,,,,,,,,
,,,,,,,,,
,,,,,,,,,
,,,,,,,,,
,,,,,,,,,
,,,,,,,,,
,,,,,,,,,
,,,,,,,,,
,,,,,,,,,
,,,,,,,,,
,,,,,,,,,
,,,,,,,,,
,,,,,,,,,
,,,,,,,,,
,,,,,,,,,
,,,,,,,,,
,,,,,,,,,
,,,,,,,,,
,,,,,,,,,
,,,,,,,,,
,,,,,,,,,
,,,,,,,,,
,,,,,,,,,
,,,,,,,,,
,,,,,,,,,
,,,,,,,,,
,,,,,,,,,
,,,,,,,,,
,,,,,,,,,
,,,,,,,,,
,,,,,,,,,
,,,,,,,,,
,,,,,,,,,
,,,,,,,,,
,,,,,,,,,
,,,,,,,,,
,,,,,,,,,
,,,,,,,,,
,,,,,,,,,
,,,,,,,,,
,,,,,,,,,
,,,,,,,,,
,,,,,,,,,
,,,,,,,,,
,,,,,,,,,
,,,,,,,,,
,,,,,,,,,
,,,,,,,,,
,,,,,,,,,
,,,,,,,,,
,,,,,,,,,
,,,,,,,,,
,,,,,,,,,
,,,,,,,,,
,,,,,,,,,
,,,,,,,,,
,,,,,,,,,
,,,,,,,,,
,,,,,,,,,
,,,,,,,,,
,,,,,,,,,
,,,,,,,,,
,,,,,,,,,
,,,,,,,,,
,,,,,,,,,
,,,,,,,,,
,,,,,,,,,
,,,,,,,,,
,,,,,,,,,
,,,,,,,,,
,,,,,,,,,
,,,,,,,,,
,,,,,,,,,
,,,,,,,,,
,,,,,,,,,
,,,,,,,,,
,,,,,,,,,
,,,,,,,,,
,,,,,,,,,
,,,,,,,,,
,,,,,,,,,
,,,,,,,,,
,,,,,,,,,
,,,,,,,,,
,,,,,,,,,
,,,,,,,,,
,,,,,,,,,
,,,,,,,,,
,,,,,,,,,
,,,,,,,,,
,,,,,,,,,
,,,,,,,,,
,,,,,,,,,
,,,,,,,,,
,,,,,,,,,
,,,,,,,,,
,,,,,,,,,
,,,,,,,,,
,,,,,,,,,
,,,,,,,,,
,,,,,,,,,
,,,,,,,,,
,,,,,,,,,
,,,,,,,,,
,,,,,,,,,
,,,,,,,,,
,,,,,,,,,
,,,,,,,,,
,,,,,,,,,
,,,,,,,,,
,,,,,,,,,
,,,,,,,,,
,,,,,,,,,
,,,,,,,,,
,,,,,,,,,
,,,,,,,,,
,,,,,,,,,
,,,,,,,,,
,,,,,,,,,
,,,,,,,,,
,,,,,,,,,
,,,,,,,,,
,,,,,,,,,
,,,,,,,,,
,,,,,,,,,
,,,,,,,,,
,,,,,,,,,
,,,,,,,,,
,,,,,,,,,
,,,,,,,,,
,,,,,,,,,
,,,,,,,,,
,,,,,,,,,
,,,,,,,,,
,,,,,,,,,
,,,,,,,,,
,,,,,,,,,
,,,,,,,,,
,,,,,,,,,
,,,,,,,,,
,,,,,,,,,
,,,,,,,,,
,,,,,,,,,
,,,,,,,,,
,,,,,,,,,
,,,,,,,,,
,,,,,,,,,
,,,,,,,,,
,,,,,,,,,
,,,,,,,,,
,,,,,,,,,
,,,,,,,,,
,,,,,,,,,
,,,,,,,,,
,,,,,,,,,
,,,,,,,,,
,,,,,,,,,
,,,,,,,,,
,,,,,,,,,
,,,,,,,,,
,,,,,,,,,
,,,,,,,,,
,,,,,,,,,
,,,,,,,,,
,,,,,,,,,
,,,,,,,,,
,,,,,,,,,
,,,,,,,,,
,,,,,,,,,
,,,,,,,,,
,,,,,,,,,
,,,,,,,,,
,,,,,,,,,
,,,,,,,,,
,,,,,,,,,
,,,,,,,,,
,,,,,,,,,
,,,,,,,,,
,,,,,,,,,
,,,,,,,,,
,,,,,,,,,
,,,,,,,,,
,,,,,,,,,
,,,,,,,,,
,,,,,,,,,
,,,,,,,,,
,,,,,,,,,
,,,,,,,,,
,,,,,,,,,
,,,,,,,,,
,,,,,,,,,
,,,,,,,,,
,,,,,,,,,
,,,,,,,,,
,,,,,,,,,
,,,,,,,,,
,,,,,,,,,
,,,,,,,,,
,,,,,,,,,
,,,,,,,,,
,,,,,,,,,
,,,,,,,,,
,,,,,,,,,
,,,,,,,,,
,,,,,,,,,
,,,,,,,,,
,,,,,,,,,
,,,,,,,,,
,,,,,,,,,
,,,,,,,,,
,,,,,,,,,
,,,,,,,,,
,,,,,,,,,
,,,,,,,,,
,,,,,,,,,
,,,,,,,,,
,,,,,,,,,
,,,,,,,,,
,,,,,,,,,
,,,,,,,,,
,,,,,,,,,
,,,,,,,,,
,,,,,,,,,
,,,,,,,,,
,,,,,,,,,
,,,,,,,,,
,,,,,,,,,
,,,,,,,,,
,,,,,,,,,
,,,,,,,,,
,,,,,,,,,
,,,,,,,,,
,,,,,,,,,
,,,,,,,,,
,,,,,,,,,
,,,,,,,,,
,,,,,,,,,
,,,,,,,,,
,,,,,,,,,
,,,,,,,,,
,,,,,,,,,
,,,,,,,,,
,,,,,,,,,
,,,,,,,,,
,,,,,,,,,
,,,,,,,,,
,,,,,,,,,
,,,,,,,,,
,,,,,,,,,
,,,,,,,,,
,,,,,,,,,
,,,,,,,,,
,,,,,,,,,
,,,,,,,,,
,,,,,,,,,
,,,,,,,,,
,,,,,,,,,
,,,,,,,,,
,,,,,,,,,
,,,,,,,,,
,,,,,,,,,
,,,,,,,,,
,,,,,,,,,
,,,,,,,,,
,,,,,,,,,
,,,,,,,,,
,,,,,,,,,
,,,,,,,,,
,,,,,,,,,
,,,,,,,,,
,,,,,,,,,
,,,,,,,,,
,,,,,,,,,
,,,,,,,,,
,,,,,,,,,
,,,,,,,,,
,,,,,,,,,
,,,,,,,,,
,,,,,,,,,
,,,,,,,,,
,,,,,,,,,
,,,,,,,,,
,,,,,,,,,
,,,,,,,,,
,,,,,,,,,
,,,,,,,,,
,,,,,,,,,
,,,,,,,,,
,,,,,,,,,
,,,,,,,,,
,,,,,,,,,
,,,,,,,,,
,,,,,,,,,
,,,,,,,,,
,,,,,,,,,
,,,,,,,,,
,,,,,,,,,
,,,,,,,,,
,,,,,,,,,
,,,,,,,,,
,,,,,,,,,
,,,,,,,,,
,,,,,,,,,
,,,,,,,,,
,,,,,,,,,
,,,,,,,,,
,,,,,,,,,
,,,,,,,,,
,,,,,,,,,
,,,,,,,,,
,,,,,,,,,
,,,,,,,,,
,,,,,,,,,
,,,,,,,,,
,,,,,,,,,
,,,,,,,,,
,,,,,,,,,
,,,,,,,,,
,,,,,,,,,
,,,,,,,,,
,,,,,,,,,
,,,,,,,,,
,,,,,,,,,
,,,,,,,,,
,,,,,,,,,
,,,,,,,,,
,,,,,,,,,
,,,,,,,,,
,,,,,,,,,
,,,,,,,,,
,,,,,,,,,
,,,,,,,,,
,,,,,,,,,
,,,,,,,,,
,,,,,,,,,
,,,,,,,,,
,,,,,,,,,
,,,,,,,,,
,,,,,,,,,
,,,,,,,,,
,,,,,,,,,
,,,,,,,,,
,,,,,,,,,
,,,,,,,,,
,,,,,,,,,
,,,,,,,,,
,,,,,,,,,
,,,,,,,,,
,,,,,,,,,
,,,,,,,,,
,,,,,,,,,
,,,,,,,,,
,,,,,,,,,
,,,,,,,,,
,,,,,,,,,
,,,,,,,,,
,,,,,,,,,
,,,,,,,,,
,,,,,,,,,
,,,,,,,,,
,,,,,,,,,
,,,,,,,,,
,,,,,,,,,
,,,,,,,,,
,,,,,,,,,
,,,,,,,,,
,,,,,,,,,
,,,,,,,,,
,,,,,,,,,
,,,,,,,,,
,,,,,,,,,
,,,,,,,,,
,,,,,,,,,
,,,,,,,,,
,,,,,,,,,
,,,,,,,,,
,,,,,,,,,
,,,,,,,,,
,,,,,,,,,
,,,,,,,,,
,,,,,,,,,
,,,,,,,,,
,,,,,,,,,
,,,,,,,,,
,,,,,,,,,
,,,,,,,,,
,,,,,,,,,
,,,,,,,,,
,,,,,,,,,
,,,,,,,,,
,,,,,,,,,
,,,,,,,,,
,,,,,,,,,
,,,,,,,,,
,,,,,,,,,
,,,,,,,,,
,,,,,,,,,
,,,,,,,,,
,,,,,,,,,
,,,,,,,,,
,,,,,,,,,
,,,,,,,,,
,,,,,,,,,
,,,,,,,,,
,,,,,,,,,
,,,,,,,,,
,,,,,,,,,
,,,,,,,,,
,,,,,,,,,
,,,,,,,,,
,,,,,,,,,
,,,,,,,,,
,,,,,,,,,
,,,,,,,,,
,,,,,,,,,
,,,,,,,,,
,,,,,,,,,
,,,,,,,,,
,,,,,,,,,
,,,,,,,,,
,,,,,,,,,
,,,,,,,,,
,,,,,,,,,
,,,,,,,,,
,,,,,,,,,
,,,,,,,,,
,,,,,,,,,
,,,,,,,,,
,,,,,,,,,
,,,,,,,,,
,,,,,,,,,
,,,,,,,,,
,,,,,,,,,
,,,,,,,,,
,,,,,,,,,
,,,,,,,,,
,,,,,,,,,
,,,,,,,,,
,,,,,,,,,
,,,,,,,,,
,,,,,,,,,
,,,,,,,,,
,,,,,,,,,
,,,,,,,,,
,,,,,,,,,
,,,,,,,,,
,,,,,,,,,
,,,,,,,,,
,,,,,,,,,
,,,,,,,,,
,,,,,,,,,
,,,,,,,,,
,,,,,,,,,
,,,,,,,,,
,,,,,,,,,
,,,,,,,,,
,,,,,,,,,
,,,,,,,,,
,,,,,,,,,
,,,,,,,,,
,,,,,,,,,
,,,,,,,,,
,,,,,,,,,
,,,,,,,,,
,,,,,,,,,
,,,,,,,,,
,,,,,,,,,
,,,,,,,,,
,,,,,,,,,
,,,,,,,,,
,,,,,,,,,
,,,,,,,,,
,,,,,,,,,
,,,,,,,,,
,,,,,,,,,
,,,,,,,,,
,,,,,,,,,
,,,,,,,,,
,,,,,,,,,
,,,,,,,,,
,,,,,,,,,
,,,,,,,,,
,,,,,,,,,
,,,,,,,,,
,,,,,,,,,
,,,,,,,,,
,,,,,,,,,
,,,,,,,,,
,,,,,,,,,
,,,,,,,,,
,,,,,,,,,
,,,,,,,,,
,,,,,,,,,
,,,,,,,,,
,,,,,,,,,
,,,,,,,,,
,,,,,,,,,
,,,,,,,,,
,,,,,,,,,
,,,,,,,,,
,,,,,,,,,
,,,,,,,,,
,,,,,,,,,
,,,,,,,,,
,,,,,,,,,
,,,,,,,,,
,,,,,,,,,
,,,,,,,,,
,,,,,,,,,
,,,,,,,,,
,,,,,,,,,
,,,,,,,,,
,,,,,,,,,
,,,,,,,,,
,,,,,,,,,
,,,,,,,,,
,,,,,,,,,
,,,,,,,,,
,,,,,,,,,
,,,,,,,,,
,,,,,,,,,
,,,,,,,,,
,,,,,,,,,
,,,,,,,,,
,,,,,,,,,
,,,,,,,,,
,,,,,,,,,
,,,,,,,,,
,,,,,,,,,
,,,,,,,,,
,,,,,,,,,
,,,,,,,,,
,,,,,,,,,
,,,,,,,,,
,,,,,,,,,
,,,,,,,,,
,,,,,,,,,
,,,,,,,,,
,,,,,,,,,
,,,,,,,,,
,,,,,,,,,
,,,,,,,,,
,,,,,,,,,
,,,,,,,,,
,,,,,,,,,
,,,,,,,,,
,,,,,,,,,
,,,,,,,,,
,,,,,,,,,
,,,,,,,,,
,,,,,,,,,
,,,,,,,,,
,,,,,,,,,
,,,,,,,,,
,,,,,,,,,
,,,,,,,,,
,,,,,,,,,
,,,,,,,,,
,,,,,,,,,
,,,,,,,,,
,,,,,,,,,
,,,,,,,,,
,,,,,,,,,
,,,,,,,,,
,,,,,,,,,
,,,,,,,,,
,,,,,,,,,
,,,,,,,,,
,,,,,,,,,
,,,,,,,,,
,,,,,,,,,
,,,,,,,,,
,,,,,,,,,
,,,,,,,,,
,,,,,,,,,
,,,,,,,,,
,,,,,,,,,
,,,,,,,,,
,,,,,,,,,
,,,,,,,,,
,,,,,,,,,
,,,,,,,,,
,,,,,,,,,
,,,,,,,,,
,,,,,,,,,
,,,,,,,,,
,,,,,,,,,
,,,,,,,,,
,,,,,,,,,
,,,,,,,,,
,,,,,,,,,
,,,,,,,,,
,,,,,,,,,
,,,,,,,,,
,,,,,,,,,
,,,,,,,,,
,,,,,,,,,
,,,,,,,,,
,,,,,,,,,
,,,,,,,,,
,,,,,,,,,
,,,,,,,,,
,,,,,,,,,
,,,,,,,,,
,,,,,,,,,
,,,,,,,,,
,,,,,,,,,
,,,,,,,,,
,,,,,,,,,
,,,,,,,,,
,,,,,,,,,
,,,,,,,,,
,,,,,,,,,
,,,,,,,,,
,,,,,,,,,
,,,,,,,,,
,,,,,,,,,
,,,,,,,,,
,,,,,,,,,
,,,,,,,,,
,,,,,,,,,
,,,,,,,,,
,,,,,,,,,
,,,,,,,,,
,,,,,,,,,
,,,,,,,,,
,,,,,,,,,
,,,,,,,,,
,,,,,,,,,
,,,,,,,,,
,,,,,,,,,
,,,,,,,,,
,,,,,,,,,
,,,,,,,,,
,,,,,,,,,
,,,,,,,,,
,,,,,,,,,
,,,,,,,,,
,,,,,,,,,
,,,,,,,,,
,,,,,,,,,
,,,,,,,,,
,,,,,,,,,
,,,,,,,,,
,,,,,,,,,
,,,,,,,,,
,,,,,,,,,
,,,,,,,,,
,,,,,,,,,
,,,,,,,,,
,,,,,,,,,
,,,,,,,,,
,,,,,,,,,
,,,,,,,,,
,,,,,,,,,
,,,,,,,,,
,,,,,,,,,
,,,,,,,,,
,,,,,,,,,
,,,,,,,,,
,,,,,,,,,
,,,,,,,,,
,,,,,,,,,
,,,,,,,,,
,,,,,,,,,
,,,,,,,,,
,,,,,,,,,
,,,,,,,,,
,,,,,,,,,
,,,,,,,,,
,,,,,,,,,
,,,,,,,,,
,,,,,,,,,
,,,,,,,,,
,,,,,,,,,
,,,,,,,,,
,,,,,,,,,
,,,,,,,,,
,,,,,,,,,
,,,,,,,,,
,,,,,,,,,
,,,,,,,,,
,,,,,,,,,
,,,,,,,,,
,,,,,,,,,
,,,,,,,,,
,,,,,,,,,
,,,,,,,,,
,,,,,,,,,
,,,,,,,,,
,,,,,,,,,
,,,,,,,,,
,,,,,,,,,
,,,,,,,,,
,,,,,,,,,
,,,,,,,,,
,,,,,,,,,
,,,,,,,,,
,,,,,,,,,
,,,,,,,,,
,,,,,,,,,
,,,,,,,,,
,,,,,,,,,
,,,,,,,,,
,,,,,,,,,
,,,,,,,,,
,,,,,,,,,
,,,,,,,,,
,,,,,,,,,
,,,,,,,,,
,,,,,,,,,
,,,,,,,,,
,,,,,,,,,
,,,,,,,,,
,,,,,,,,,
,,,,,,,,,
,,,,,,,,,
,,,,,,,,,
,,,,,,,,,
,,,,,,,,,
,,,,,,,,,
,,,,,,,,,
,,,,,,,,,
,,,,,,,,,
,,,,,,,,,
,,,,,,,,,
,,,,,,,,,
,,,,,,,,,
,,,,,,,,,
,,,,,,,,,
,,,,,,,,,
,,,,,,,,,
,,,,,,,,,
,,,,,,,,,
,,,,,,,,,
,,,,,,,,,
,,,,,,,,,
,,,,,,,,,
,,,,,,,,,
,,,,,,,,,
,,,,,,,,,
,,,,,,,,,
,,,,,,,,,
,,,,,,,,,
,,,,,,,,,
,,,,,,,,,
,,,,,,,,,
,,,,,,,,,
,,,,,,,,,
,,,,,,,,,
,,,,,,,,,
,,,,,,,,,
,,,,,,,,,
,,,,,,,,,
,,,,,,,,,
,,,,,,,,,
,,,,,,,,,
,,,,,,,,,
,,,,,,,,,
,,,,,,,,,
,,,,,,,,,
,,,,,,,,,
,,,,,,,,,
,,,,,,,,,
,,,,,,,,,
,,,,,,,,,
,,,,,,,,,
,,,,,,,,,
,,,,,,,,,
,,,,,,,,,
,,,,,,,,,
,,,,,,,,,
,,,,,,,,,
,,,,,,,,,
,,,,,,,,,
,,,,,,,,,
,,,,,,,,,
,,,,,,,,,
,,,,,,,,,
,,,,,,,,,
,,,,,,,,,
,,,,,,,,,
,,,,,,,,,
,,,,,,,,,
,,,,,,,,,
,,,,,,,,,
,,,,,,,,,
,,,,,,,,,
,,,,,,,,,
,,,,,,,,,
,,,,,,,,,
,,,,,,,,,
,,,,,,,,,
,,,,,,,,,
,,,,,,,,,
,,,,,,,,,
,,,,,,,,,
,,,,,,,,,
,,,,,,,,,
,,,,,,,,,
,,,,,,,,,
,,,,,,,,,
,,,,,,,,,
,,,,,,,,,
,,,,,,,,,
,,,,,,,,,
,,,,,,,,,
,,,,,,,,,
,,,,,,,,,
,,,,,,,,,
,,,,,,,,,
,,,,,,,,,
,,,,,,,,,
,,,,,,,,,
,,,,,,,,,
,,,,,,,,,
,,,,,,,,,
,,,,,,,,,
,,,,,,,,,
,,,,,,,,,
,,,,,,,,,
,,,,,,,,,
,,,,,,,,,
,,,,,,,,,
,,,,,,,,,
,,,,,,,,,
,,,,,,,,,
,,,,,,,,,
,,,,,,,,,
,,,,,,,,,
,,,,,,,,,
,,,,,,,,,
,,,,,,,,,
,,,,,,,,,
,,,,,,,,,
,,,,,,,,,
,,,,,,,,,
,,,,,,,,,
,,,,,,,,,
,,,,,,,,,
,,,,,,,,,
,,,,,,,,,
,,,,,,,,,
,,,,,,,,,
,,,,,,,,,
,,,,,,,,,
,,,,,,,,,
,,,,,,,,,
,,,,,,,,,
,,,,,,,,,
,,,,,,,,,
,,,,,,,,,
,,,,,,,,,
,,,,,,,,,
,,,,,,,,,
,,,,,,,,,
,,,,,,,,,
,,,,,,,,,
,,,,,,,,,
,,,,,,,,,
,,,,,,,,,
,,,,,,,,,
,,,,,,,,,
,,,,,,,,,
,,,,,,,,,
,,,,,,,,,
,,,,,,,,,
,,,,,,,,,
,,,,,,,,,
,,,,,,,,,
,,,,,,,,,
,,,,,,,,,
,,,,,,,,,
,,,,,,,,,
,,,,,,,,,
,,,,,,,,,
,,,,,,,,,
,,,,,,,,,
,,,,,,,,,
,,,,,,,,,
,,,,,,,,,
,,,,,,,,,
,,,,,,,,,
,,,,,,,,,
,,,,,,,,,
,,,,,,,,,
,,,,,,,,,
,,,,,,,,,
,,,,,,,,,
,,,,,,,,,
,,,,,,,,,
,,,,,,,,,
,,,,,,,,,
,,,,,,,,,
,,,,,,,,,
,,,,,,,,,
,,,,,,,,,
,,,,,,,,,
,,,,,,,,,
,,,,,,,,,
,,,,,,,,,
,,,,,,,,,
,,,,,,,,,
,,,,,,,,,
,,,,,,,,,
,,,,,,,,,
,,,,,,,,,
,,,,,,,,,
,,,,,,,,,
,,,,,,,,,
,,,,,,,,,
,,,,,,,,,
,,,,,,,,,
,,,,,,,,,
,,,,,,,,,
,,,,,,,,,
,,,,,,,,,
,,,,,,,,,
,,,,,,,,,
,,,,,,,,,
,,,,,,,,,
,,,,,,,,,
,,,,,,,,,
,,,,,,,,,
,,,,,,,,,
,,,,,,,,,
,,,,,,,,,
,,,,,,,,,
,,,,,,,,,
,,,,,,,,,
,,,,,,,,,
,,,,,,,,,
,,,,,,,,,
,,,,,,,,,
,,,,,,,,,
,,,,,,,,,
,,,,,,,,,
,,,,,,,,,
,,,,,,,,,
,,,,,,,,,
,,,,,,,,,
,,,,,,,,,
,,,,,,,,,
,,,,,,,,,
,,,,,,,,,
,,,,,,,,,
,,,,,,,,,
,,,,,,,,,
,,,,,,,,,
,,,,,,,,,
,,,,,,,,,
,,,,,,,,,
,,,,,,,,,
,,,,,,,,,
,,,,,,,,,
,,,,,,,,,
,,,,,,,,,
,,,,,,,,,
,,,,,,,,,
,,,,,,,,,
,,,,,,,,,
,,,,,,,,,
,,,,,,,,,
,,,,,,,,,
,,,,,,,,,
,,,,,,,,,
,,,,,,,,,
,,,,,,,,,
,,,,,,,,,
,,,,,,,,,
,,,,,,,,,
,,,,,,,,,
,,,,,,,,,
,,,,,,,,,
,,,,,,,,,
,,,,,,,,,
,,,,,,,,,
,,,,,,,,,
,,,,,,,,,
,,,,,,,,,
,,,,,,,,,
,,,,,,,,,
,,,,,,,,,
,,,,,,,,,
,,,,,,,,,
,,,,,,,,,
,,,,,,,,,
,,,,,,,,,
,,,,,,,,,
,,,,,,,,,
,,,,,,,,,
,,,,,,,,,
,,,,,,,,,
,,,,,,,,,
,,,,,,,,,
,,,,,,,,,
,,,,,,,,,
,,,,,,,,,
,,,,,,,,,
,,,,,,,,,
,,,,,,,,,
,,,,,,,,,
,,,,,,,,,
,,,,,,,,,
,,,,,,,,,
,,,,,,,,,
,,,,,,,,,
,,,,,,,,,
,,,,,,,,,
,,,,,,,,,
,,,,,,,,,
,,,,,,,,,
,,,,,,,,,
,,,,,,,,,
,,,,,,,,,
,,,,,,,,,
,,,,,,,,,
,,,,,,,,,
,,,,,,,,,
,,,,,,,,,
,,,,,,,,,
,,,,,,,,,
,,,,,,,,,
,,,,,,,,,
,,,,,,,,,
,,,,,,,,,
,,,,,,,,,
,,,,,,,,,
,,,,,,,,,
,,,,,,,,,
,,,,,,,,,
,,,,,,,,,
,,,,,,,,,
,,,,,,,,,
,,,,,,,,,
,,,,,,,,,
,,,,,,,,,
,,,,,,,,,
,,,,,,,,,
,,,,,,,,,
,,,,,,,,,
,,,,,,,,,
,,,,,,,,,
,,,,,,,,,
,,,,,,,,,
,,,,,,,,,
,,,,,,,,,
,,,,,,,,,
,,,,,,,,,
,,,,,,,,,
,,,,,,,,,
,,,,,,,,,
,,,,,,,,,
,,,,,,,,,
,,,,,,,,,
,,,,,,,,,
,,,,,,,,,
,,,,,,,,,
,,,,,,,,,
,,,,,,,,,
,,,,,,,,,
,,,,,,,,,
,,,,,,,,,
,,,,,,,,,
,,,,,,,,,
,,,,,,,,,
,,,,,,,,,
,,,,,,,,,
,,,,,,,,,
,,,,,,,,,
,,,,,,,,,
,,,,,,,,,
,,,,,,,,,
,,,,,,,,,
,,,,,,,,,
,,,,,,,,,
,,,,,,,,,
,,,,,,,,,
,,,,,,,,,
,,,,,,,,,
,,,,,,,,,
,,,,,,,,,
,,,,,,,,,
,,,,,,,,,
,,,,,,,,,
,,,,,,,,,
,,,,,,,,,
,,,,,,,,,
,,,,,,,,,
,,,,,,,,,
,,,,,,,,,
,,,,,,,,,
,,,,,,,,,
,,,,,,,,,
,,,,,,,,,
,,,,,,,,,
,,,,,,,,,
,,,,,,,,,
,,,,,,,,,
,,,,,,,,,
,,,,,,,,,
,,,,,,,,,
,,,,,,,,,
,,,,,,,,,
,,,,,,,,,
,,,,,,,,,
,,,,,,,,,
,,,,,,,,,
,,,,,,,,,
,,,,,,,,,
,,,,,,,,,
,,,,,,,,,
,,,,,,,,,
,,,,,,,,,
,,,,,,,,,
,,,,,,,,,
,,,,,,,,,
,,,,,,,,,
,,,,,,,,,
,,,,,,,,,
,,,,,,,,,
,,,,,,,,,
,,,,,,,,,
,,,,,,,,,
,,,,,,,,,
,,,,,,,,,
,,,,,,,,,
,,,,,,,,,
,,,,,,,,,
,,,,,,,,,
,,,,,,,,,
,,,,,,,,,
,,,,,,,,,
,,,,,,,,,
,,,,,,,,,
,,,,,,,,,
,,,,,,,,,
,,,,,,,,,
,,,,,,,,,
,,,,,,,,,
,,,,,,,,,
,,,,,,,,,
,,,,,,,,,
,,,,,,,,,
,,,,,,,,,
,,,,,,,,,
,,,,,,,,,
,,,,,,,,,
,,,,,,,,,
,,,,,,,,,
,,,,,,,,,
,,,,,,,,,
,,,,,,,,,
,,,,,,,,,
,,,,,,,,,
,,,,,,,,,
,,,,,,,,,
,,,,,,,,,
,,,,,,,,,
,,,,,,,,,
,,,,,,,,,
,,,,,,,,,
,,,,,,,,,
,,,,,,,,,
,,,,,,,,,
,,,,,,,,,
,,,,,,,,,
,,,,,,,,,
,,,,,,,,,
,,,,,,,,,
,,,,,,,,,
,,,,,,,,,
,,,,,,,,,
,,,,,,,,,
,,,,,,,,,
,,,,,,,,,
,,,,,,,,,
,,,,,,,,,
,,,,,,,,,
,,,,,,,,,
,,,,,,,,,
,,,,,,,,,
,,,,,,,,,
,,,,,,,,,
,,,,,,,,,
,,,,,,,,,
,,,,,,,,,
,,,,,,,,,
,,,,,,,,,
,,,,,,,,,
,,,,,,,,,
,,,,,,,,,
,,,,,,,,,
,,,,,,,,,
,,,,,,,,,
,,,,,,,,,
,,,,,,,,,
,,,,,,,,,
,,,,,,,,,
,,,,,,,,,
,,,,,,,,,
,,,,,,,,,
,,,,,,,,,
,,,,,,,,,
,,,,,,,,,
,,,,,,,,,
,,,,,,,,,
,,,,,,,,,
,,,,,,,,,
,,,,,,,,,
,,,,,,,,,
,,,,,,,,,
,,,,,,,,,
,,,,,,,,,
,,,,,,,,,
,,,,,,,,,
,,,,,,,,,
,,,,,,,,,
,,,,,,,,,
,,,,,,,,,
,,,,,,,,,
,,,,,,,,,
,,,,,,,,,
,,,,,,,,,
,,,,,,,,,
,,,,,,,,,
,,,,,,,,,
,,,,,,,,,
,,,,,,,,,
,,,,,,,,,
,,,,,,,,,
,,,,,,,,,
,,,,,,,,,
,,,,,,,,,
,,,,,,,,,
,,,,,,,,,
,,,,,,,,,
,,,,,,,,,
,,,,,,,,,
,,,,,,,,,
,,,,,,,,,
,,,,,,,,,
,,,,,,,,,
,,,,,,,,,
,,,,,,,,,
,,,,,,,,,
,,,,,,,,,
,,,,,,,,,
,,,,,,,,,
,,,,,,,,,
,,,,,,,,,
,,,,,,,,,
,,,,,,,,,
,,,,,,,,,
,,,,,,,,,
,,,,,,,,,
,,,,,,,,,
,,,,,,,,,
,,,,,,,,,
,,,,,,,,,
,,,,,,,,,
,,,,,,,,,
,,,,,,,,,
,,,,,,,,,
,,,,,,,,,
,,,,,,,,,
,,,,,,,,,
,,,,,,,,,
,,,,,,,,,
,,,,,,,,,
,,,,,,,,,
,,,,,,,,,
,,,,,,,,,
,,,,,,,,,
,,,,,,,,,
,,,,,,,,,
,,,,,,,,,
,,,,,,,,,
,,,,,,,,,
,,,,,,,,,
,,,,,,,,,
,,,,,,,,,
,,,,,,,,,
,,,,,,,,,
,,,,,,,,,
,,,,,,,,,
,,,,,,,,,
,,,,,,,,,
,,,,,,,,,
,,,,,,,,,
,,,,,,,,,
,,,,,,,,,
,,,,,,,,,
,,,,,,,,,
,,,,,,,,,
,,,,,,,,,
,,,,,,,,,
,,,,,,,,,
,,,,,,,,,
,,,,,,,,,
,,,,,,,,,
,,,,,,,,,
,,,,,,,,,
,,,,,,,,,
,,,,,,,,,
,,,,,,,,,
,,,,,,,,,
,,,,,,,,,
,,,,,,,,,
,,,,,,,,,
,,,,,,,,,
,,,,,,,,,
,,,,,,,,,
,,,,,,,,,
,,,,,,,,,
,,,,,,,,,
,,,,,,,,,
,,,,,,,,,
,,,,,,,,,
,,,,,,,,,
,,,,,,,,,
,,,,,,,,,
,,,,,,,,,
,,,,,,,,,
,,,,,,,,,
,,,,,,,,,
,,,,,,,,,
,,,,,,,,,
,,,,,,,,,
,,,,,,,,,
,,,,,,,,,
,,,,,,,,,
,,,,,,,,,
,,,,,,,,,
,,,,,,,,,
,,,,,,,,,
,,,,,,,,,
,,,,,,,,,
,,,,,,,,,
,,,,,,,,,
,,,,,,,,,
,,,,,,,,,
,,,,,,,,,
,,,,,,,,,
,,,,,,,,,
,,,,,,,,,
,,,,,,,,,
,,,,,,,,,
,,,,,,,,,
,,,,,,,,,
,,,,,,,,,
,,,,,,,,,
,,,,,,,,,
,,,,,,,,,
,,,,,,,,,
,,,,,,,,,
,,,,,,,,,
,,,,,,,,,
,,,,,,,,,
,,,,,,,,,
,,,,,,,,,
,,,,,,,,,
,,,,,,,,,
,,,,,,,,,
,,,,,,,,,
,,,,,,,,,
,,,,,,,,,
,,,,,,,,,
,,,,,,,,,
,,,,,,,,,
,,,,,,,,,
,,,,,,,,,
,,,,,,,,,
,,,,,,,,,
,,,,,,,,,
,,,,,,,,,
,,,,,,,,,
,,,,,,,,,
,,,,,,,,,
,,,,,,,,,
,,,,,,,,,
,,,,,,,,,
,,,,,,,,,
,,,,,,,,,
,,,,,,,,,
,,,,,,,,,
,,,,,,,,,
,,,,,,,,,
,,,,,,,,,
,,,,,,,,,
,,,,,,,,,
,,,,,,,,,
,,,,,,,,,
,,,,,,,,,
,,,,,,,,,
,,,,,,,,,
,,,,,,,,,
,,,,,,,,,
,,,,,,,,,
,,,,,,,,,
,,,,,,,,,
,,,,,,,,,
,,,,,,,,,
,,,,,,,,,
,,,,,,,,,
,,,,,,,,,
,,,,,,,,,
,,,,,,,,,
,,,,,,,,,
,,,,,,,,,
,,,,,,,,,
,,,,,,,,,
,,,,,,,,,
,,,,,,,,,
,,,,,,,,,
,,,,,,,,,
,,,,,,,,,
,,,,,,,,,
,,,,,,,,,
,,,,,,,,,
,,,,,,,,,
,,,,,,,,,
,,,,,,,,,
,,,,,,,,,
,,,,,,,,,
,,,,,,,,,
,,,,,,,,,
,,,,,,,,,
,,,,,,,,,
,,,,,,,,,
,,,,,,,,,
,,,,,,,,,
,,,,,,,,,
,,,,,,,,,
,,,,,,,,,
,,,,,,,,,
,,,,,,,,,
,,,,,,,,,
,,,,,,,,,
,,,,,,,,,
,,,,,,,,,
,,,,,,,,,
,,,,,,,,,
,,,,,,,,,
,,,,,,,,,
,,,,,,,,,
,,,,,,,,,
,,,,,,,,,
,,,,,,,,,
,,,,,,,,,
,,,,,,,,,
,,,,,,,,,
,,,,,,,,,
,,,,,,,,,
,,,,,,,,,
,,,,,,,,,
,,,,,,,,,
,,,,,,,,,
,,,,,,,,,
,,,,,,,,,
,,,,,,,,,
,,,,,,,,,
,,,,,,,,,
,,,,,,,,,
,,,,,,,,,
,,,,,,,,,
,,,,,,,,,
,,,,,,,,,
,,,,,,,,,
,,,,,,,,,
,,,,,,,,,
,,,,,,,,,
,,,,,,,,,
,,,,,,,,,
,,,,,,,,,
,,,,,,,,,
,,,,,,,,,
,,,,,,,,,
,,,,,,,,,
,,,,,,,,,
,,,,,,,,,
,,,,,,,,,
,,,,,,,,,
,,,,,,,,,
,,,,,,,,,
,,,,,,,,,
,,,,,,,,,
,,,,,,,,,
,,,,,,,,,
,,,,,,,,,
,,,,,,,,,
,,,,,,,,,
,,,,,,,,,
,,,,,,,,,
,,,,,,,,,
,,,,,,,,,
,,,,,,,,,
,,,,,,,,,
,,,,,,,,,
,,,,,,,,,
,,,,,,,,,
,,,,,,,,,
,,,,,,,,,
,,,,,,,,,
,,,,,,,,,
,,,,,,,,,
,,,,,,,,,
,,,,,,,,,
,,,,,,,,,
,,,,,,,,,
,,,,,,,,,
,,,,,,,,,
,,,,,,,,,
,,,,,,,,,
,,,,,,,,,
,,,,,,,,,
,,,,,,,,,
,,,,,,,,,
,,,,,,,,,
,,,,,,,,,
,,,,,,,,,
,,,,,,,,,
,,,,,,,,,
,,,,,,,,,
,,,,,,,,,
,,,,,,,,,
,,,,,,,,,
,,,,,,,,,
,,,,,,,,,
,,,,,,,,,
,,,,,,,,,
,,,,,,,,,
,,,,,,,,,
,,,,,,,,,
,,,,,,,,,
,,,,,,,,,
,,,,,,,,,
,,,,,,,,,
,,,,,,,,,
,,,,,,,,,
,,,,,,,,,
,,,,,,,,,
,,,,,,,,,
,,,,,,,,,
,,,,,,,,,
,,,,,,,,,
,,,,,,,,,
,,,,,,,,,
,,,,,,,,,
,,,,,,,,,
,,,,,,,,,
,,,,,,,,,
,,,,,,,,,
,,,,,,,,,
,,,,,,,,,
,,,,,,,,,
,,,,,,,,,
,,,,,,,,,
,,,,,,,,,
,,,,,,,,,
,,,,,,,,,
,,,,,,,,,
,,,,,,,,,
,,,,,,,,,
,,,,,,,,,
,,,,,,,,,
,,,,,,,,,
,,,,,,,,,
,,,,,,,,,
,,,,,,,,,
,,,,,,,,,
,,,,,,,,,
,,,,,,,,,
,,,,,,,,,
,,,,,,,,,
,,,,,,,,,
,,,,,,,,,
,,,,,,,,,
,,,,,,,,,
,,,,,,,,,
,,,,,,,,,
,,,,,,,,,
,,,,,,,,,
,,,,,,,,,
,,,,,,,,,
,,,,,,,,,
,,,,,,,,,
,,,,,,,,,
,,,,,,,,,
,,,,,,,,,
,,,,,,,,,
,,,,,,,,,
,,,,,,,,,
,,,,,,,,,
,,,,,,,,,
,,,,,,,,,
,,,,,,,,,
,,,,,,,,,
,,,,,,,,,
,,,,,,,,,
,,,,,,,,,
,,,,,,,,,
,,,,,,,,,
,,,,,,,,,
,,,,,,,,,
,,,,,,,,,
,,,,,,,,,
,,,,,,,,,
,,,,,,,,,
,,,,,,,,,
,,,,,,,,,
,,,,,,,,,
,,,,,,,,,
,,,,,,,,,
,,,,,,,,,
,,,,,,,,,
,,,,,,,,,
,,,,,,,,,
,,,,,,,,,
,,,,,,,,,
,,,,,,,,,
,,,,,,,,,
,,,,,,,,,
,,,,,,,,,
,,,,,,,,,
,,,,,,,,,
,,,,,,,,,
,,,,,,,,,
,,,,,,,,,
,,,,,,,,,
,,,,,,,,,
,,,,,,,,,
,,,,,,,,,
,,,,,,,,,
,,,,,,,,,
,,,,,,,,,
,,,,,,,,,
,,,,,,,,,
,,,,,,,,,
,,,,,,,,,
,,,,,,,,,
,,,,,,,,,
,,,,,,,,,
,,,,,,,,,
,,,,,,,,,
,,,,,,,,,
,,,,,,,,,
,,,,,,,,,
,,,,,,,,,
,,,,,,,,,
,,,,,,,,,
,,,,,,,,,
,,,,,,,,,
,,,,,,,,,
,,,,,,,,,
,,,,,,,,,
,,,,,,,,,
,,,,,,,,,
,,,,,,,,,
,,,,,,,,,
,,,,,,,,,
,,,,,,,,,
,,,,,,,,,
,,,,,,,,,
,,,,,,,,,
,,,,,,,,,
,,,,,,,,,
,,,,,,,,,
,,,,,,,,,
,,,,,,,,,
,,,,,,,,,
,,,,,,,,,
,,,,,,,,,
,,,,,,,,,
,,,,,,,,,
,,,,,,,,,
,,,,,,,,,
,,,,,,,,,
,,,,,,,,,
,,,,,,,,,
,,,,,,,,,
,,,,,,,,,
,,,,,,,,,
,,,,,,,,,
,,,,,,,,,
,,,,,,,,,
,,,,,,,,,
,,,,,,,,,
,,,,,,,,,
,,,,,,,,,
,,,,,,,,,
,,,,,,,,,
,,,,,,,,,
,,,,,,,,,
,,,,,,,,,
,,,,,,,,,
,,,,,,,,,
,,,,,,,,,
,,,,,,,,,
,,,,,,,,,
,,,,,,,,,
,,,,,,,,,
,,,,,,,,,
,,,,,,,,,
,,,,,,,,,
,,,,,,,,,
,,,,,,,,,
,,,,,,,,,
,,,,,,,,,
,,,,,,,,,
,,,,,,,,,
,,,,,,,,,
,,,,,,,,,
,,,,,,,,,
,,,,,,,,,
,,,,,,,,,
,,,,,,,,,
,,,,,,,,,
,,,,,,,,,
,,,,,,,,,
,,,,,,,,,
,,,,,,,,,
,,,,,,,,,
,,,,,,,,,
,,,,,,,,,
,,,,,,,,,
,,,,,,,,,
,,,,,,,,,
,,,,,,,,,
,,,,,,,,,
,,,,,,,,,
,,,,,,,,,
,,,,,,,,,
,,,,,,,,,
,,,,,,,,,
,,,,,,,,,
,,,,,,,,,
,,,,,,,,,
,,,,,,,,,
,,,,,,,,,
,,,,,,,,,
,,,,,,,,,
,,,,,,,,,
,,,,,,,,,
,,,,,,,,,
,,,,,,,,,
,,,,,,,,,
,,,,,,,,,
,,,,,,,,,
,,,,,,,,,
,,,,,,,,,
,,,,,,,,,
,,,,,,,,,
,,,,,,,,,
,,,,,,,,,
,,,,,,,,,
,,,,,,,,,
,,,,,,,,,
,,,,,,,,,
,,,,,,,,,
,,,,,,,,,
,,,,,,,,,
,,,,,,,,,
,,,,,,,,,
,,,,,,,,,
,,,,,,,,,
,,,,,,,,,
,,,,,,,,,
,,,,,,,,,
,,,,,,,,,
,,,,,,,,,
,,,,,,,,,
,,,,,,,,,
,,,,,,,,,
,,,,,,,,,
,,,,,,,,,
,,,,,,,,,
,,,,,,,,,
,,,,,,,,,
,,,,,,,,,
,,,,,,,,,
,,,,,,,,,
,,,,,,,,,
,,,,,,,,,
,,,,,,,,,
,,,,,,,,,
,,,,,,,,,
,,,,,,,,,
,,,,,,,,,
,,,,,,,,,
,,,,,,,,,
,,,,,,,,,
,,,,,,,,,
,,,,,,,,,
,,,,,,,,,
,,,,,,,,,
,,,,,,,,,
,,,,,,,,,
,,,,,,,,,
,,,,,,,,,
,,,,,,,,,
,,,,,,,,,
,,,,,,,,,
,,,,,,,,,
,,,,,,,,,
,,,,,,,,,
,,,,,,,,,
,,,,,,,,,
,,,,,,,,,
,,,,,,,,,
,,,,,,,,,
,,,,,,,,,
,,,,,,,,,
,,,,,,,,,
,,,,,,,,,
,,,,,,,,,
,,,,,,,,,
,,,,,,,,,
,,,,,,,,,
,,,,,,,,,
,,,,,,,,,
,,,,,,,,,
,,,,,,,,,
,,,,,,,,,
,,,,,,,,,
,,,,,,,,,
,,,,,,,,,
,,,,,,,,,
,,,,,,,,,
,,,,,,,,,
,,,,,,,,,
,,,,,,,,,
,,,,,,,,,
,,,,,,,,,
,,,,,,,,,
,,,,,,,,,
,,,,,,,,,
,,,,,,,,,
,,,,,,,,,
,,,,,,,,,
,,,,,,,,,
,,,,,,,,,
,,,,,,,,,
,,,,,,,,,
,,,,,,,,,
,,,,,,,,,
,,,,,,,,,
,,,,,,,,,
,,,,,,,,,
,,,,,,,,,
,,,,,,,,,
,,,,,,,,,
,,,,,,,,,
,,,,,,,,,
,,,,,,,,,
,,,,,,,,,
,,,,,,,,,
,,,,,,,,,
,,,,,,,,,
,,,,,,,,,
,,,,,,,,,
,,,,,,,,,
,,,,,,,,,
,,,,,,,,,
,,,,,,,,,
,,,,,,,,,
,,,,,,,,,
,,,,,,,,,
,,,,,,,,,
,,,,,,,,,
,,,,,,,,,
,,,,,,,,,
,,,,,,,,,
,,,,,,,,,
,,,,,,,,,
,,,,,,,,,
,,,,,,,,,
,,,,,,,,,
,,,,,,,,,
,,,,,,,,,
,,,,,,,,,
,,,,,,,,,
,,,,,,,,,
,,,,,,,,,
,,,,,,,,,
,,,,,,,,,
,,,,,,,,,
,,,,,,,,,
,,,,,,,,,
,,,,,,,,,
,,,,,,,,,
,,,,,,,,,
,,,,,,,,,
,,,,,,,,,
,,,,,,,,,
,,,,,,,,,
,,,,,,,,,
,,,,,,,,,
,,,,,,,,,
,,,,,,,,,
,,,,,,,,,
,,,,,,,,,
,,,,,,,,,
,,,,,,,,,
,,,,,,,,,
,,,,,,,,,
,,,,,,,,,
,,,,,,,,,
,,,,,,,,,
,,,,,,,,,
,,,,,,,,,
,,,,,,,,,
,,,,,,,,,
,,,,,,,,,
,,,,,,,,,
,,,,,,,,,
,,,,,,,,,
,,,,,,,,,
,,,,,,,,,
,,,,,,,,,
,,,,,,,,,
,,,,,,,,,
,,,,,,,,,
,,,,,,,,,
,,,,,,,,,
,,,,,,,,,
,,,,,,,,,
,,,,,,,,,
,,,,,,,,,
,,,,,,,,,
,,,,,,,,,
,,,,,,,,,
,,,,,,,,,
,,,,,,,,,
,,,,,,,,,
,,,,,,,,,
,,,,,,,,,
,,,,,,,,,
,,,,,,,,,
,,,,,,,,,
,,,,,,,,,
,,,,,,,,,
,,,,,,,,,
,,,,,,,,,
,,,,,,,,,
,,,,,,,,,
,,,,,,,,,
,,,,,,,,,
,,,,,,,,,
,,,,,,,,,
,,,,,,,,,
,,,,,,,,,
,,,,,,,,,
,,,,,,,,,
,,,,,,,,,
,,,,,,,,,
,,,,,,,,,
,,,,,,,,,
,,,,,,,,,
,,,,,,,,,
,,,,,,,,,
,,,,,,,,,
,,,,,,,,,
,,,,,,,,,
,,,,,,,,,
,,,,,,,,,
,,,,,,,,,
,,,,,,,,,
,,,,,,,,,
,,,,,,,,,
,,,,,,,,,
,,,,,,,,,
,,,,,,,,,
,,,,,,,,,
,,,,,,,,,
,,,,,,,,,
,,,,,,,,,
,,,,,,,,,
,,,,,,,,,
,,,,,,,,,
,,,,,,,,,
,,,,,,,,,
,,,,,,,,,
,,,,,,,,,
,,,,,,,,,
,,,,,,,,,
,,,,,,,,,
,,,,,,,,,
,,,,,,,,,
,,,,,,,,,
,,,,,,,,,
,,,,,,,,,
,,,,,,,,,
,,,,,,,,,
,,,,,,,,,
,,,,,,,,,
,,,,,,,,,
,,,,,,,,,
,,,,,,,,,
,,,,,,,,,
,,,,,,,,,
,,,,,,,,,
,,,,,,,,,
,,,,,,,,,
,,,,,,,,,
,,,,,,,,,
,,,,,,,,,
,,,,,,,,,
,,,,,,,,,
,,,,,,,,,
,,,,,,,,,
,,,,,,,,,
,,,,,,,,,
,,,,,,,,,
,,,,,,,,,
,,,,,,,,,
,,,,,,,,,
,,,,,,,,,
,,,,,,,,,
,,,,,,,,,
,,,,,,,,,
,,,,,,,,,
,,,,,,,,,
,,,,,,,,,
,,,,,,,,,
,,,,,,,,,
,,,,,,,,,
,,,,,,,,,
,,,,,,,,,
,,,,,,,,,
,,,,,,,,,
,,,,,,,,,
,,,,,,,,,
,,,,,,,,,
,,,,,,,,,
,,,,,,,,,
,,,,,,,,,
,,,,,,,,,
,,,,,,,,,
,,,,,,,,,
,,,,,,,,,
,,,,,,,,,
,,,,,,,,,
,,,,,,,,,
,,,,,,,,,
,,,,,,,,,
,,,,,,,,,
,,,,,,,,,
,,,,,,,,,
,,,,,,,,,
,,,,,,,,,
,,,,,,,,,
,,,,,,,,,
,,,,,,,,,
,,,,,,,,,
,,,,,,,,,
,,,,,,,,,
,,,,,,,,,
,,,,,,,,,
,,,,,,,,,
,,,,,,,,,
,,,,,,,,,
,,,,,,,,,
,,,,,,,,,
,,,,,,,,,
,,,,,,,,,
,,,,,,,,,
,,,,,,,,,
,,,,,,,,,
,,,,,,,,,
,,,,,,,,,
,,,,,,,,,
,,,,,,,,,
,,,,,,,,,
,,,,,,,,,
,,,,,,,,,
,,,,,,,,,
,,,,,,,,,
,,,,,,,,,
,,,,,,,,,
,,,,,,,,,
,,,,,,,,,
,,,,,,,,,
,,,,,,,,,
,,,,,,,,,
,,,,,,,,,
,,,,,,,,,
,,,,,,,,,
,,,,,,,,,
,,,,,,,,,
,,,,,,,,,
,,,,,,,,,
,,,,,,,,,
,,,,,,,,,
,,,,,,,,,
,,,,,,,,,
,,,,,,,,,
,,,,,,,,,
,,,,,,,,,
,,,,,,,,,
,,,,,,,,,
,,,,,,,,,
,,,,,,,,,
,,,,,,,,,
,,,,,,,,,
,,,,,,,,,
,,,,,,,,,
,,,,,,,,,
,,,,,,,,,
,,,,,,,,,
,,,,,,,,,
,,,,,,,,,
,,,,,,,,,
,,,,,,,,,
,,,,,,,,,
,,,,,,,,,
,,,,,,,,,
,,,,,,,,,
,,,,,,,,,
,,,,,,,,,
,,,,,,,,,
,,,,,,,,,
,,,,,,,,,
,,,,,,,,,
,,,,,,,,,
,,,,,,,,,
,,,,,,,,,
,,,,,,,,,
,,,,,,,,,
,,,,,,,,,
,,,,,,,,,
,,,,,,,,,
,,,,,,,,,
,,,,,,,,,
,,,,,,,,,
,,,,,,,,,
,,,,,,,,,
,,,,,,,,,
,,,,,,,,,
,,,,,,,,,
,,,,,,,,,
,,,,,,,,,
,,,,,,,,,
,,,,,,,,,
,,,,,,,,,
,,,,,,,,,
,,,,,,,,,
,,,,,,,,,
,,,,,,,,,
,,,,,,,,,
,,,,,,,,,
,,,,,,,,,
,,,,,,,,,
,,,,,,,,,
,,,,,,,,,
,,,,,,,,,
,,,,,,,,,
,,,,,,,,,
,,,,,,,,,
,,,,,,,,,
,,,,,,,,,
,,,,,,,,,
,,,,,,,,,
,,,,,,,,,
,,,,,,,,,
,,,,,,,,,
,,,,,,,,,
,,,,,,,,,
,,,,,,,,,
,,,,,,,,,
,,,,,,,,,
,,,,,,,,,
,,,,,,,,,
,,,,,,,,,
,,,,,,,,,
,,,,,,,,,
,,,,,,,,,
,,,,,,,,,
,,,,,,,,,
,,,,,,,,,
,,,,,,,,,
,,,,,,,,,
,,,,,,,,,
,,,,,,,,,
,,,,,,,,,
,,,,,,,,,
,,,,,,,,,
,,,,,,,,,
,,,,,,,,,
,,,,,,,,,
,,,,,,,,,
,,,,,,,,,
,,,,,,,,,
,,,,,,,,,
,,,,,,,,,
,,,,,,,,,
,,,,,,,,,
,,,,,,,,,
,,,,,,,,,
,,,,,,,,,
,,,,,,,,,
,,,,,,,,,
,,,,,,,,,
,,,,,,,,,
,,,,,,,,,
,,,,,,,,,
,,,,,,,,,
,,,,,,,,,
,,,,,,,,,
,,,,,,,,,
,,,,,,,,,
,,,,,,,,,
,,,,,,,,,
,,,,,,,,,
,,,,,,,,,
,,,,,,,,,
,,,,,,,,,
,,,,,,,,,
,,,,,,,,,
,,,,,,,,,
,,,,,,,,,
,,,,,,,,,
,,,,,,,,,
,,,,,,,,,
,,,,,,,,,
,,,,,,,,,
,,,,,,,,,
,,,,,,,,,
,,,,,,,,,
,,,,,,,,,
,,,,,,,,,
,,,,,,,,,
,,,,,,,,,
,,,,,,,,,
,,,,,,,,,
,,,,,,,,,
,,,,,,,,,
,,,,,,,,,
,,,,,,,,,
,,,,,,,,,
,,,,,,,,,
,,,,,,,,,
,,,,,,,,,
,,,,,,,,,
,,,,,,,,,
,,,,,,,,,
,,,,,,,,,
,,,,,,,,,
,,,,,,,,,
,,,,,,,,,
,,,,,,,,,
,,,,,,,,,
,,,,,,,,,
,,,,,,,,,
,,,,,,,,,
,,,,,,,,,
,,,,,,,,,
,,,,,,,,,
,,,,,,,,,
,,,,,,,,,
,,,,,,,,,
,,,,,,,,,
,,,,,,,,,
,,,,,,,,,
,,,,,,,,,
,,,,,,,,,
,,,,,,,,,
,,,,,,,,,
,,,,,,,,,
,,,,,,,,,
,,,,,,,,,
,,,,,,,,,
,,,,,,,,,
,,,,,,,,,
,,,,,,,,,
,,,,,,,,,
,,,,,,,,,
,,,,,,,,,
,,,,,,,,,
,,,,,,,,,
,,,,,,,,,
,,,,,,,,,
,,,,,,,,,
,,,,,,,,,
,,,,,,,,,
,,,,,,,,,
,,,,,,,,,
,,,,,,,,,
,,,,,,,,,
,,,,,,,,,
,,,,,,,,,
,,,,,,,,,
,,,,,,,,,
,,,,,,,,,
,,,,,,,,,
,,,,,,,,,
,,,,,,,,,
,,,,,,,,,
,,,,,,,,,
,,,,,,,,,
,,,,,,,,,
,,,,,,,,,
,,,,,,,,,
,,,,,,,,,
,,,,,,,,,
,,,,,,,,,
,,,,,,,,,
,,,,,,,,,
,,,,,,,,,
,,,,,,,,,
,,,,,,,,,
,,,,,,,,,
,,,,,,,,,
,,,,,,,,,
,,,,,,,,,
,,,,,,,,,
,,,,,,,,,
,,,,,,,,,
,,,,,,,,,
,,,,,,,,,
,,,,,,,,,
,,,,,,,,,
,,,,,,,,,
,,,,,,,,,
,,,,,,,,,
,,,,,,,,,
,,,,,,,,,
,,,,,,,,,
,,,,,,,,,
,,,,,,,,,
,,,,,,,,,
,,,,,,,,,
,,,,,,,,,
,,,,,,,,,
,,,,,,,,,
,,,,,,,,,
,,,,,,,,,
,,,,,,,,,
,,,,,,,,,
,,,,,,,,,
,,,,,,,,,
,,,,,,,,,
,,,,,,,,,
,,,,,,,,,
,,,,,,,,,
,,,,,,,,,
,,,,,,,,,
,,,,,,,,,
,,,,,,,,,
,,,,,,,,,
,,,,,,,,,
,,,,,,,,,
,,,,,,,,,
,,,,,,,,,
,,,,,,,,,
,,,,,,,,,
,,,,,,,,,
,,,,,,,,,
,,,,,,,,,
,,,,,,,,,
,,,,,,,,,
,,,,,,,,,
,,,,,,,,,
,,,,,,,,,
,,,,,,,,,
,,,,,,,,,
,,,,,,,,,
,,,,,,,,,
,,,,,,,,,
,,,,,,,,,
,,,,,,,,,
,,,,,,,,,
,,,,,,,,,
,,,,,,,,,
,,,,,,,,,
,,,,,,,,,
,,,,,,,,,
,,,,,,,,,
,,,,,,,,,
,,,,,,,,,
,,,,,,,,,
,,,,,,,,,
,,,,,,,,,
,,,,,,,,,
,,,,,,,,,
,,,,,,,,,
,,,,,,,,,
,,,,,,,,,
,,,,,,,,,
,,,,,,,,,
,,,,,,,,,
,,,,,,,,,
,,,,,,,,,
,,,,,,,,,
,,,,,,,,,
,,,,,,,,,
,,,,,,,,,
,,,,,,,,,
,,,,,,,,,
,,,,,,,,,
,,,,,,,,,
,,,,,,,,,
,,,,,,,,,
,,,,,,,,,
,,,,,,,,,
,,,,,,,,,
,,,,,,,,,
,,,,,,,,,
,,,,,,,,,
,,,,,,,,,
,,,,,,,,,
,,,,,,,,,
,,,,,,,,,
,,,,,,,,,
,,,,,,,,,
,,,,,,,,,
,,,,,,,,,
,,,,,,,,,
,,,,,,,,,
,,,,,,,,,
,,,,,,,,,
,,,,,,,,,
,,,,,,,,,
,,,,,,,,,
,,,,,,,,,
,,,,,,,,,
,,,,,,,,,
,,,,,,,,,
,,,,,,,,,
,,,,,,,,,
,,,,,,,,,
,,,,,,,,,
,,,,,,,,,
,,,,,,,,,
,,,,,,,,,
,,,,,,,,,
,,,,,,,,,
,,,,,,,,,
,,,,,,,,,
,,,,,,,,,
,,,,,,,,,
,,,,,,,,,
,,,,,,,,,
,,,,,,,,,
,,,,,,,,,
,,,,,,,,,
,,,,,,,,,
,,,,,,,,,
,,,,,,,,,
,,,,,,,,,
,,,,,,,,,
,,,,,,,,,
,,,,,,,,,
,,,,,,,,,
,,,,,,,,,
,,,,,,,,,
,,,,,,,,,
,,,,,,,,,
,,,,,,,,,
,,,,,,,,,
,,,,,,,,,
,,,,,,,,,
,,,,,,,,,
,,,,,,,,,
,,,,,,,,,
,,,,,,,,,
,,,,,,,,,
,,,,,,,,,
,,,,,,,,,
,,,,,,,,,
,,,,,,,,,
,,,,,,,,,
,,,,,,,,,
,,,,,,,,,
,,,,,,,,,
,,,,,,,,,
,,,,,,,,,
,,,,,,,,,
,,,,,,,,,
,,,,,,,,,
,,,,,,,,,
,,,,,,,,,
,,,,,,,,,
,,,,,,,,,
,,,,,,,,,
,,,,,,,,,
,,,,,,,,,
,,,,,,,,,
,,,,,,,,,
,,,,,,,,,
,,,,,,,,,
,,,,,,,,,
,,,,,,,,,
,,,,,,,,,
,,,,,,,,,
,,,,,,,,,
,,,,,,,,,
,,,,,,,,,
,,,,,,,,,
,,,,,,,,,
,,,,,,,,,
,,,,,,,,,
,,,,,,,,,
,,,,,,,,,
,,,,,,,,,
,,,,,,,,,
,,,,,,,,,
,,,,,,,,,
,,,,,,,,,
,,,,,,,,,
,,,,,,,,,
,,,,,,,,,
,,,,,,,,,
,,,,,,,,,
,,,,,,,,,
,,,,,,,,,
,,,,,,,,,
,,,,,,,,,
,,,,,,,,,
,,,,,,,,,
,,,,,,,,,
,,,,,,,,,
,,,,,,,,,
,,,,,,,,,
,,,,,,,,,
,,,,,,,,,
,,,,,,,,,
,,,,,,,,,
,,,,,,,,,
,,,,,,,,,
,,,,,,,,,
,,,,,,,,,
,,,,,,,,,
,,,,,,,,,
,,,,,,,,,
,,,,,,,,,
,,,,,,,,,
,,,,,,,,,
,,,,,,,,,
,,,,,,,,,
,,,,,,,,,
,,,,,,,,,
,,,,,,,,,
,,,,,,,,,
,,,,,,,,,
,,,,,,,,,
,,,,,,,,,
,,,,,,,,,
,,,,,,,,,
,,,,,,,,,
,,,,,,,,,
,,,,,,,,,
,,,,,,,,,
,,,,,,,,,
,,,,,,,,,
,,,,,,,,,
,,,,,,,,,
,,,,,,,,,
,,,,,,,,,
,,,,,,,,,
,,,,,,,,,
,,,,,,,,,
,,,,,,,,,
,,,,,,,,,
,,,,,,,,,
,,,,,,,,,
,,,,,,,,,
,,,,,,,,,
,,,,,,,,,
,,,,,,,,,
,,,,,,,,,
,,,,,,,,,
,,,,,,,,,
,,,,,,,,,
,,,,,,,,,
,,,,,,,,,
,,,,,,,,,
,,,,,,,,,
,,,,,,,,,
,,,,,,,,,
,,,,,,,,,
,,,,,,,,,
,,,,,,,,,
,,,,,,,,,
,,,,,,,,,
,,,,,,,,,
,,,,,,,,,
,,,,,,,,,
,,,,,,,,,
,,,,,,,,,
,,,,,,,,,
,,,,,,,,,
,,,,,,,,,
,,,,,,,,,
,,,,,,,,,
,,,,,,,,,
,,,,,,,,,
,,,,,,,,,
,,,,,,,,,
,,,,,,,,,
,,,,,,,,,
,,,,,,,,,
,,,,,,,,,
,,,,,,,,,
,,,,,,,,,
,,,,,,,,,
,,,,,,,,,
,,,,,,,,,
,,,,,,,,,
,,,,,,,,,
,,,,,,,,,
,,,,,,,,,
,,,,,,,,,
,,,,,,,,,
,,,,,,,,,
,,,,,,,,,
,,,,,,,,,
,,,,,,,,,
,,,,,,,,,
,,,,,,,,,
,,,,,,,,,
,,,,,,,,,
,,,,,,,,,
,,,,,,,,,
,,,,,,,,,
,,,,,,,,,
,,,,,,,,,
,,,,,,,,,
,,,,,,,,,
,,,,,,,,,
,,,,,,,,,
,,,,,,,,,
,,,,,,,,,
,,,,,,,,,
,,,,,,,,,
,,,,,,,,,
,,,,,,,,,
,,,,,,,,,
,,,,,,,,,
,,,,,,,,,
,,,,,,,,,
,,,,,,,,,
,,,,,,,,,
,,,,,,,,,
,,,,,,,,,
,,,,,,,,,
,,,,,,,,,
,,,,,,,,,
,,,,,,,,,
,,,,,,,,,
,,,,,,,,,
,,,,,,,,,
,,,,,,,,,
,,,,,,,,,
,,,,,,,,,
,,,,,,,,,
,,,,,,,,,
,,,,,,,,,
,,,,,,,,,
,,,,,,,,,
,,,,,,,,,
,,,,,,,,,
,,,,,,,,,
,,,,,,,,,
,,,,,,,,,
,,,,,,,,,
,,,,,,,,,
,,,,,,,,,
,,,,,,,,,
,,,,,,,,,
,,,,,,,,,
,,,,,,,,,
,,,,,,,,,
,,,,,,,,,
,,,,,,,,,
,,,,,,,,,
,,,,,,,,,
,,,,,,,,,
,,,,,,,,,
,,,,,,,,,
,,,,,,,,,
,,,,,,,,,
,,,,,,,,,
,,,,,,,,,
,,,,,,,,,
,,,,,,,,,
,,,,,,,,,
,,,,,,,,,
,,,,,,,,,
,,,,,,,,,
,,,,,,,,,
,,,,,,,,,
,,,,,,,,,
,,,,,,,,,
,,,,,,,,,
,,,,,,,,,
,,,,,,,,,
,,,,,,,,,
,,,,,,,,,
,,,,,,,,,
,,,,,,,,,
,,,,,,,,,
,,,,,,,,,
,,,,,,,,,
,,,,,,,,,
,,,,,,,,,
,,,,,,,,,
,,,,,,,,,
,,,,,,,,,
,,,,,,,,,
,,,,,,,,,
,,,,,,,,,
,,,,,,,,,
,,,,,,,,,
,,,,,,,,,
,,,,,,,,,
,,,,,,,,,
,,,,,,,,,
,,,,,,,,,
,,,,,,,,,
,,,,,,,,,
,,,,,,,,,
,,,,,,,,,
,,,,,,,,,
,,,,,,,,,
,,,,,,,,,
,,,,,,,,,
,,,,,,,,,
,,,,,,,,,
,,,,,,,,,
,,,,,,,,,
,,,,,,,,,
,,,,,,,,,
,,,,,,,,,
,,,,,,,,,
,,,,,,,,,
,,,,,,,,,
,,,,,,,,,
,,,,,,,,,
,,,,,,,,,
,,,,,,,,,
,,,,,,,,,
,,,,,,,,,
,,,,,,,,,
,,,,,,,,,
,,,,,,,,,
,,,,,,,,,
,,,,,,,,,
,,,,,,,,,
,,,,,,,,,
,,,,,,,,,
,,,,,,,,,
,,,,,,,,,
,,,,,,,,,
,,,,,,,,,
,,,,,,,,,
,,,,,,,,,
,,,,,,,,,
,,,,,,,,,
,,,,,,,,,
,,,,,,,,,
,,,,,,,,,
,,,,,,,,,
,,,,,,,,,
,,,,,,,,,
,,,,,,,,,
,,,,,,,,,
,,,,,,,,,
,,,,,,,,,
,,,,,,,,,
,,,,,,,,,
,,,,,,,,,
,,,,,,,,,
,,,,,,,,,
,,,,,,,,,
,,,,,,,,,
,,,,,,,,,
,,,,,,,,,
,,,,,,,,,
,,,,,,,,,
,,,,,,,,,
,,,,,,,,,
,,,,,,,,,
,,,,,,,,,
,,,,,,,,,
,,,,,,,,,
,,,,,,,,,
,,,,,,,,,
,,,,,,,,,
,,,,,,,,,
,,,,,,,,,
,,,,,,,,,
,,,,,,,,,
,,,,,,,,,
,,,,,,,,,
,,,,,,,,,
,,,,,,,,,
,,,,,,,,,
,,,,,,,,,
,,,,,,,,,
,,,,,,,,,
,,,,,,,,,
,,,,,,,,,
,,,,,,,,,
,,,,,,,,,
,,,,,,,,,
,,,,,,,,,
,,,,,,,,,
,,,,,,,,,
,,,,,,,,,
,,,,,,,,,
,,,,,,,,,
,,,,,,,,,
,,,,,,,,,
,,,,,,,,,
,,,,,,,,,
,,,,,,,,,
,,,,,,,,,
,,,,,,,,,
,,,,,,,,,
,,,,,,,,,
,,,,,,,,,
,,,,,,,,,
,,,,,,,,,
,,,,,,,,,
,,,,,,,,,
,,,,,,,,,
,,,,,,,,,
,,,,,,,,,
,,,,,,,,,
,,,,,,,,,
,,,,,,,,,
,,,,,,,,,
,,,,,,,,,
,,,,,,,,,
,,,,,,,,,
,,,,,,,,,
,,,,,,,,,
,,,,,,,,,
,,,,,,,,,
,,,,,,,,,
,,,,,,,,,
,,,,,,,,,
,,,,,,,,,
,,,,,,,,,
,,,,,,,,,
,,,,,,,,,
,,,,,,,,,
,,,,,,,,,
,,,,,,,,,
,,,,,,,,,
,,,,,,,,,
,,,,,,,,,
,,,,,,,,,
,,,,,,,,,
,,,,,,,,,
,,,,,,,,,
,,,,,,,,,
,,,,,,,,,
,,,,,,,,,
,,,,,,,,,
,,,,,,,,,
,,,,,,,,,
,,,,,,,,,
,,,,,,,,,
,,,,,,,,,
,,,,,,,,,
,,,,,,,,,
,,,,,,,,,
,,,,,,,,,
,,,,,,,,,
,,,,,,,,,
,,,,,,,,,
,,,,,,,,,
,,,,,,,,,
,,,,,,,,,
,,,,,,,,,
,,,,,,,,,
,,,,,,,,,
,,,,,,,,,
,,,,,,,,,
,,,,,,,,,
,,,,,,,,,
,,,,,,,,,
,,,,,,,,,
,,,,,,,,,
,,,,,,,,,
,,,,,,,,,
,,,,,,,,,
,,,,,,,,,
,,,,,,,,,
,,,,,,,,,
,,,,,,,,,
,,,,,,,,,
,,,,,,,,,
,,,,,,,,,
,,,,,,,,,
,,,,,,,,,
,,,,,,,,,
,,,,,,,,,
,,,,,,,,,
,,,,,,,,,
,,,,,,,,,
,,,,,,,,,
,,,,,,,,,
,,,,,,,,,
,,,,,,,,,
,,,,,,,,,
,,,,,,,,,
,,,,,,,,,
,,,,,,,,,
,,,,,,,,,
,,,,,,,,,
,,,,,,,,,
,,,,,,,,,
,,,,,,,,,
,,,,,,,,,
,,,,,,,,,
,,,,,,,,,
,,,,,,,,,
,,,,,,,,,
,,,,,,,,,
,,,,,,,,,
,,,,,,,,,
,,,,,,,,,
,,,,,,,,,
,,,,,,,,,
,,,,,,,,,
,,,,,,,,,
,,,,,,,,,
,,,,,,,,,
,,,,,,,,,
,,,,,,,,,
,,,,,,,,,
,,,,,,,,,
,,,,,,,,,
,,,,,,,,,
,,,,,,,,,
,,,,,,,,,
,,,,,,,,,
,,,,,,,,,
,,,,,,,,,
,,,,,,,,,
,,,,,,,,,
,,,,,,,,,
,,,,,,,,,
,,,,,,,,,
,,,,,,,,,
,,,,,,,,,
,,,,,,,,,
,,,,,,,,,
,,,,,,,,,
,,,,,,,,,
,,,,,,,,,
,,,,,,,,,
,,,,,,,,,
,,,,,,,,,
,,,,,,,,,
,,,,,,,,,
,,,,,,,,,
,,,,,,,,,
,,,,,,,,,
,,,,,,,,,
,,,,,,,,,
,,,,,,,,,
,,,,,,,,,
,,,,,,,,,
,,,,,,,,,
,,,,,,,,,
,,,,,,,,,
,,,,,,,,,
,,,,,,,,,
,,,,,,,,,
,,,,,,,,,
,,,,,,,,,
,,,,,,,,,
,,,,,,,,,
,,,,,,,,,
,,,,,,,,,
,,,,,,,,,
,,,,,,,,,
,,,,,,,,,
,,,,,,,,,
,,,,,,,,,
,,,,,,,,,
,,,,,,,,,
,,,,,,,,,
,,,,,,,,,
,,,,,,,,,
,,,,,,,,,
,,,,,,,,,
,,,,,,,,,
,,,,,,,,,
,,,,,,,,,
,,,,,,,,,
,,,,,,,,,
,,,,,,,,,
,,,,,,,,,
,,,,,,,,,
,,,,,,,,,
,,,,,,,,,
,,,,,,,,,
,,,,,,,,,
,,,,,,,,,
,,,,,,,,,
,,,,,,,,,
,,,,,,,,,
,,,,,,,,,
,,,,,,,,,
,,,,,,,,,
,,,,,,,,,
,,,,,,,,,
,,,,,,,,,
,,,,,,,,,
,,,,,,,,,
,,,,,,,,,
,,,,,,,,,
,,,,,,,,,
,,,,,,,,,
,,,,,,,,,
,,,,,,,,,
,,,,,,,,,
,,,,,,,,,
,,,,,,,,,
,,,,,,,,,
,,,,,,,,,
,,,,,,,,,
,,,,,,,,,
,,,,,,,,,
,,,,,,,,,
,,,,,,,,,
,,,,,,,,,
,,,,,,,,,
,,,,,,,,,
,,,,,,,,,
,,,,,,,,,
,,,,,,,,,
,,,,,,,,,
,,,,,,,,,
,,,,,,,,,
,,,,,,,,,
,,,,,,,,,
,,,,,,,,,
,,,,,,,,,
,,,,,,,,,
,,,,,,,,,
,,,,,,,,,
,,,,,,,,,
,,,,,,,,,
,,,,,,,,,
,,,,,,,,,
,,,,,,,,,
,,,,,,,,,
,,,,,,,,,
,,,,,,,,,
,,,,,,,,,
,,,,,,,,,
,,,,,,,,,
,,,,,,,,,
,,,,,,,,,
,,,,,,,,,
,,,,,,,,,
,,,,,,,,,
,,,,,,,,,
,,,,,,,,,
,,,,,,,,,
,,,,,,,,,
,,,,,,,,,
,,,,,,,,,
,,,,,,,,,
,,,,,,,,,
,,,,,,,,,
,,,,,,,,,
,,,,,,,,,
,,,,,,,,,
,,,,,,,,,
,,,,,,,,,
,,,,,,,,,
,,,,,,,,,
,,,,,,,,,
,,,,,,,,,
,,,,,,,,,
,,,,,,,,,
,,,,,,,,,
,,,,,,,,,
,,,,,,,,,
,,,,,,,,,
,,,,,,,,,
,,,,,,,,,
,,,,,,,,,
,,,,,,,,,
,,,,,,,,,
,,,,,,,,,
,,,,,,,,,
,,,,,,,,,
,,,,,,,,,
,,,,,,,,,
,,,,,,,,,
